,BFT.WA
2022-01-02,
2022-01-02,625.2584228515625
2022-01-03,
2022-01-03,
2022-01-03,
2022-01-03,
2022-01-03,629.166259765625
2022-01-04,
2022-01-04,
2022-01-04,
2022-01-04,
2022-01-04,
2022-01-04,629.166259765625
2022-01-05,
2022-01-05,
2022-01-05,
2022-01-05,
2022-01-05,
2022-01-05,
2022-01-06,
2022-01-06,
2022-01-06,
2022-01-06,
2022-01-06,
2022-01-06,630.1432495117188
2022-01-07,
2022-01-07,
2022-01-09,
2022-01-09,
2022-01-09,626.2353515625
2022-01-10,
2022-01-10,
2022-01-10,
2022-01-10,
2022-01-10,
2022-01-10,636.9819946289062
2022-01-11,
2022-01-11,
2022-01-11,
2022-01-11,
2022-01-11,
2022-01-11,632.09716796875
2022-01-12,
2022-01-12,
2022-01-12,
2022-01-12,
2022-01-12,
2022-01-12,614.5117797851562
2022-01-13,
2022-01-13,
2022-01-13,
2022-01-13,
2022-01-13,
2022-01-13,614.5117797851562
2022-01-14,
2022-01-14,
2022-01-16,
2022-01-16,
2022-01-16,
2022-01-16,613.5347900390625
2022-01-17,
2022-01-17,
2022-01-17,
2022-01-17,
2022-01-17,
2022-01-17,609.626953125
2022-01-18,
2022-01-18,
2022-01-18,
2022-01-18,
2022-01-18,
2022-01-18,605.7190551757812
2022-01-19,
2022-01-19,
2022-01-19,
2022-01-19,
2022-01-19,
2022-01-19,577.3870849609375
2022-01-20,
2022-01-20,
2022-01-20,
2022-01-20,
2022-01-20,
2022-01-20,596.9263916015625
2022-01-21,
2022-01-21,
2022-01-23,
2022-01-23,
2022-01-23,
2022-01-23,591.0645751953125
2022-01-24,
2022-01-24,
2022-01-24,
2022-01-24,
2022-01-24,
2022-01-24,595.9494018554688
2022-01-25,
2022-01-25,
2022-01-25,
2022-01-25,
2022-01-25,
2022-01-25,600.834228515625
2022-01-26,
2022-01-26,
2022-01-26,
2022-01-26,
2022-01-26,
2022-01-26,592.0415649414062
2022-01-27,
2022-01-27,
2022-01-27,
2022-01-27,
2022-01-27,
2022-01-27,593.0184936523438
2022-01-28,
2022-01-28,
2022-01-30,
2022-01-30,
2022-01-30,
2022-01-30,594.9724731445312
2022-01-31,
2022-01-31,
2022-01-31,
2022-01-31,
2022-01-31,624.2814331054688
2022-02-01,
2022-02-01,
2022-02-01,
2022-02-01,
2022-02-01,623.3045043945312
2022-02-02,
2022-02-02,
2022-02-02,
2022-02-02,
2022-02-02,623.3045043945312
2022-02-03,
2022-02-03,
2022-02-03,
2022-02-03,
2022-02-03,
2022-02-03,625.2584228515625
2022-02-04,
2022-02-04,
2022-02-06,
2022-02-06,
2022-02-06,627.2123413085938
2022-02-07,
2022-02-07,
2022-02-07,
2022-02-07,
2022-02-07,
2022-02-07,639.9129028320312
2022-02-08,
2022-02-08,
2022-02-08,
2022-02-08,
2022-02-08,
2022-02-08,659.4522094726562
2022-02-09,
2022-02-09,
2022-02-09,
2022-02-09,
2022-02-09,
2022-02-09,659.4522094726562
2022-02-10,
2022-02-10,
2022-02-10,
2022-02-10,
2022-02-10,653.5904541015625
2022-02-11,
2022-02-11,
2022-02-13,
2022-02-13,
2022-02-13,
2022-02-13,666.291015625
2022-02-14,
2022-02-14,
2022-02-14,
2022-02-14,
2022-02-14,
2022-02-14,682.8994140625
2022-02-15,
2022-02-15,
2022-02-15,
2022-02-15,
2022-02-15,
2022-02-15,627.2123413085938
2022-02-16,
2022-02-16,
2022-02-16,
2022-02-16,
2022-02-16,
2022-02-16,633.0741577148438
2022-02-17,
2022-02-17,
2022-02-17,
2022-02-17,
2022-02-17,
2022-02-17,623.3045043945312
2022-02-18,
2022-02-18,
2022-02-20,
2022-02-20,
2022-02-20,
2022-02-20,620.3735961914062
2022-02-21,
2022-02-21,
2022-02-21,
2022-02-21,
2022-02-21,625.2584228515625
2022-02-22,
2022-02-22,
2022-02-22,
2022-02-22,
2022-02-22,604.7421264648438
2022-02-23,
2022-02-23,
2022-02-23,
2022-02-23,
2022-02-23,
2022-02-23,544.1702270507812
2022-02-24,
2022-02-24,
2022-02-24,
2022-02-24,
2022-02-24,
2022-02-24,555.893798828125
2022-02-25,
2022-02-25,
2022-02-27,
2022-02-27,
2022-02-27,
2022-02-27,559.8016967773438
2022-02-28,
2022-02-28,
2022-02-28,
2022-02-28,
2022-02-28,
2022-02-28,544.1702270507812
2022-03-01,
2022-03-01,
2022-03-01,
2022-03-01,
2022-03-01,
2022-03-01,537.3314208984375
2022-03-02,
2022-03-02,
2022-03-02,
2022-03-02,
2022-03-02,
2022-03-02,590.087646484375
2022-03-03,
2022-03-03,
2022-03-03,
2022-03-03,
2022-03-03,
2022-03-03,537.3314208984375
2022-03-04,
2022-03-04,
2022-03-06,
2022-03-06,
2022-03-06,
2022-03-06,515.8381958007812
2022-03-07,
2022-03-07,
2022-03-07,
2022-03-07,
2022-03-07,
2022-03-07,502.16064453125
2022-03-08,
2022-03-08,
2022-03-08,
2022-03-08,
2022-03-08,
2022-03-08,535.3775024414062
2022-03-09,
2022-03-09,
2022-03-09,
2022-03-09,
2022-03-09,
2022-03-09,530.49267578125
2022-03-10,
2022-03-10,
2022-03-10,
2022-03-10,
2022-03-10,
2022-03-10,531.4696655273438
2022-03-11,
2022-03-11,
2022-03-13,
2022-03-13,
2022-03-13,
2022-03-13,529.5156860351562
2022-03-14,
2022-03-14,
2022-03-14,
2022-03-14,
2022-03-14,
2022-03-14,527.561767578125
2022-03-15,
2022-03-15,
2022-03-15,
2022-03-15,
2022-03-15,
2022-03-15,544.1702270507812
2022-03-16,
2022-03-16,
2022-03-16,
2022-03-16,
2022-03-16,
2022-03-16,572.5022583007812
2022-03-17,
2022-03-17,
2022-03-17,
2022-03-17,
2022-03-17,
2022-03-17,576.4100952148438
2022-03-18,
2022-03-18,
2022-03-20,
2022-03-20,
2022-03-20,570.5482788085938
2022-03-21,
2022-03-21,
2022-03-21,
2022-03-21,
2022-03-21,
2022-03-21,556.8707885742188
2022-03-22,
2022-03-22,
2022-03-22,
2022-03-22,
2022-03-22,
2022-03-22,556.8707885742188
2022-03-23,
2022-03-23,
2022-03-23,
2022-03-23,
2022-03-23,
2022-03-23,565.6634521484375
2022-03-24,
2022-03-24,
2022-03-24,
2022-03-24,
2022-03-24,
2022-03-24,576.4100952148438
2022-03-25,
2022-03-25,
2022-03-27,
2022-03-27,
2022-03-27,
2022-03-27,566.6404418945312
2022-03-28,
2022-03-28,
2022-03-28,
2022-03-28,
2022-03-28,
2022-03-28,559.8016967773438
2022-03-29,
2022-03-29,
2022-03-29,
2022-03-29,
2022-03-29,
2022-03-29,570.5482788085938
2022-03-30,
2022-03-30,
2022-03-30,
2022-03-30,
2022-03-30,
2022-03-30,591.0645751953125
2022-03-31,
2022-03-31,
2022-03-31,
2022-03-31,
2022-03-31,
2022-03-31,612.557861328125
2022-04-01,
2022-04-01,
2022-04-03,
2022-04-03,
2022-04-03,
2022-04-03,632.09716796875
2022-04-04,
2022-04-04,
2022-04-04,
2022-04-04,
2022-04-04,632.09716796875
2022-04-05,
2022-04-05,
2022-04-05,
2022-04-05,
2022-04-05,
2022-04-05,612.557861328125
2022-04-06,
2022-04-06,
2022-04-06,
2022-04-06,
2022-04-06,
2022-04-06,605.7190551757812
2022-04-07,
2022-04-07,
2022-04-07,
2022-04-07,
2022-04-07,
2022-04-07,621.3505249023438
2022-04-08,
2022-04-08,
2022-04-10,
2022-04-10,
2022-04-10,
2022-04-10,627.2123413085938
2022-04-11,
2022-04-11,
2022-04-11,
2022-04-11,
2022-04-11,
2022-04-11,627.2123413085938
2022-04-12,
2022-04-12,
2022-04-12,
2022-04-12,
2022-04-12,
2022-04-12,625.2584228515625
2022-04-13,
2022-04-13,
2022-04-13,
2022-04-13,
2022-04-13,
2022-04-13,623.3045043945312
2022-04-14,
2022-04-14,
2022-04-14,
2022-04-14,
2022-04-17,
2022-04-17,
2022-04-18,
2022-04-18,
2022-04-18,
2022-04-18,
2022-04-18,
2022-04-18,615.48876953125
2022-04-19,
2022-04-19,
2022-04-19,
2022-04-19,
2022-04-19,
2022-04-19,597.9033813476562
2022-04-20,
2022-04-20,
2022-04-20,
2022-04-20,
2022-04-20,
2022-04-20,595.9494018554688
2022-04-21,
2022-04-21,
2022-04-21,
2022-04-21,
2022-04-21,576.4100952148438
2022-04-22,
2022-04-22,
2022-04-24,
2022-04-24,
2022-04-24,560.7786254882812
2022-04-25,
2022-04-25,
2022-04-25,
2022-04-25,
2022-04-25,
2022-04-25,535.3775024414062
2022-04-26,
2022-04-26,
2022-04-26,
2022-04-26,
2022-04-26,
2022-04-26,556.8707885742188
2022-04-27,
2022-04-27,
2022-04-27,
2022-04-27,
2022-04-27,
2022-04-27,578.364013671875
2022-04-28,
2022-04-28,
2022-04-28,
2022-04-28,
2022-04-28,578.364013671875
2022-04-29,
2022-04-29,
2022-05-01,
2022-05-01,
2022-05-01,588.1336669921875
2022-05-02,
2022-05-02,
2022-05-02,
2022-05-02,
2022-05-02,
2022-05-03,
2022-05-03,
2022-05-03,
2022-05-03,
2022-05-03,576.4100952148438
2022-05-04,
2022-05-04,
2022-05-04,
2022-05-04,
2022-05-04,574.4561767578125
2022-05-05,
2022-05-05,
2022-05-05,
2022-05-05,
2022-05-05,
2022-05-05,539.285400390625
2022-05-06,
2022-05-06,
2022-05-08,
2022-05-08,
2022-05-08,
2022-05-08,574.4561767578125
2022-05-09,
2022-05-09,
2022-05-09,
2022-05-09,
2022-05-09,
2022-05-09,584.225830078125
2022-05-10,
2022-05-10,
2022-05-10,
2022-05-10,
2022-05-10,
2022-05-10,584.225830078125
2022-05-11,
2022-05-11,
2022-05-11,
2022-05-11,
2022-05-11,
2022-05-11,549.0550537109375
2022-05-12,
2022-05-12,
2022-05-12,
2022-05-12,
2022-05-12,
2022-05-12,551.0089721679688
2022-05-13,
2022-05-13,
2022-05-15,
2022-05-15,
2022-05-15,
2022-05-15,552.962890625
2022-05-16,
2022-05-16,
2022-05-16,
2022-05-16,
2022-05-16,
2022-05-16,552.962890625
2022-05-17,
2022-05-17,
2022-05-17,
2022-05-17,
2022-05-17,
2022-05-17,558.82470703125
2022-05-18,
2022-05-18,
2022-05-18,
2022-05-18,
2022-05-18,
2022-05-18,554.9168090820312
2022-05-19,
2022-05-19,
2022-05-19,
2022-05-19,
2022-05-19,
2022-05-19,545.1471557617188
2022-05-20,
2022-05-20,
2022-05-22,
2022-05-22,
2022-05-22,
2022-05-22,547.1011352539062
2022-05-23,
2022-05-23,
2022-05-23,
2022-05-23,
2022-05-23,
2022-05-23,549.0550537109375
2022-05-24,
2022-05-24,
2022-05-24,
2022-05-24,
2022-05-24,
2022-05-24,547.1011352539062
2022-05-25,
2022-05-25,
2022-05-25,
2022-05-25,
2022-05-25,
2022-05-25,558.82470703125
2022-05-26,
2022-05-26,
2022-05-26,
2022-05-26,
2022-05-26,
2022-05-26,560.7786254882812
2022-05-27,
2022-05-27,
2022-05-29,
2022-05-29,
2022-05-29,
2022-05-29,576.4100952148438
2022-05-30,
2022-05-30,
2022-05-30,
2022-05-30,
2022-05-30,
2022-05-30,592.0415649414062
2022-05-31,
2022-05-31,
2022-05-31,
2022-05-31,
2022-05-31,
2022-05-31,580.3179321289062
2022-06-01,
2022-06-01,
2022-06-01,
2022-06-01,
2022-06-01,
2022-06-01,586.1797485351562
2022-06-02,
2022-06-02,
2022-06-02,
2022-06-02,
2022-06-02,588.1336669921875
2022-06-03,
2022-06-03,
2022-06-05,
2022-06-05,
2022-06-05,595.9494018554688
2022-06-06,
2022-06-06,
2022-06-06,
2022-06-06,
2022-06-06,
2022-06-06,588.1336669921875
2022-06-07,
2022-06-07,
2022-06-07,
2022-06-07,
2022-06-07,
2022-06-07,588.1336669921875
2022-06-08,
2022-06-08,
2022-06-08,
2022-06-08,
2022-06-08,
2022-06-08,582.2719116210938
2022-06-09,
2022-06-09,
2022-06-09,
2022-06-09,
2022-06-09,
2022-06-09,586.1797485351562
2022-06-10,
2022-06-10,
2022-06-12,
2022-06-12,
2022-06-12,
2022-06-12,556.8707885742188
2022-06-13,
2022-06-13,
2022-06-13,
2022-06-13,
2022-06-13,
2022-06-13,502.16064453125
2022-06-14,
2022-06-14,
2022-06-14,
2022-06-14,
2022-06-14,
2022-06-14,509.97637939453125
2022-06-15,
2022-06-15,
2022-06-15,
2022-06-15,
2022-06-15,
2022-06-15,
2022-06-16,
2022-06-16,
2022-06-16,
2022-06-16,
2022-06-16,488.4831237792969
2022-06-17,
2022-06-17,
2022-06-19,
2022-06-19,
2022-06-19,
2022-06-19,484.57525634765625
2022-06-20,
2022-06-20,
2022-06-20,
2022-06-20,
2022-06-20,
2022-06-20,500.20672607421875
2022-06-21,
2022-06-21,
2022-06-21,
2022-06-21,
2022-06-21,
2022-06-21,482.621337890625
2022-06-22,
2022-06-22,
2022-06-22,
2022-06-22,
2022-06-22,
2022-06-22,454.289306640625
2022-06-23,
2022-06-23,
2022-06-23,
2022-06-23,
2022-06-23,452.33538818359375
2022-06-24,
2022-06-24,
2022-06-26,
2022-06-26,
2022-06-26,
2022-06-26,459.17413330078125
2022-06-27,
2022-06-27,
2022-06-27,
2022-06-27,
2022-06-27,
2022-06-27,468.9438171386719
2022-06-28,
2022-06-28,
2022-06-28,
2022-06-28,
2022-06-28,
2022-06-28,478.7134704589844
2022-06-29,
2022-06-29,
2022-06-29,
2022-06-29,
2022-06-29,
2022-06-29,488.4831237792969
2022-06-30,
2022-06-30,
2022-06-30,
2022-06-30,
2022-06-30,
2022-06-30,531.4696655273438
2022-07-01,
2022-07-01,
2022-07-03,
2022-07-03,
2022-07-03,
2022-07-03,521.7000122070312
2022-07-04,
2022-07-04,
2022-07-04,
2022-07-04,
2022-07-04,
2022-07-04,513.88427734375
2022-07-05,
2022-07-05,
2022-07-05,
2022-07-05,
2022-07-05,
2022-07-05,494.3449401855469
2022-07-06,
2022-07-06,
2022-07-06,
2022-07-06,
2022-07-06,
2022-07-06,488.4831237792969
2022-07-07,
2022-07-07,
2022-07-07,
2022-07-07,
2022-07-07,
2022-07-07,498.2528076171875
2022-07-08,
2022-07-08,
2022-07-10,
2022-07-10,
2022-07-10,
2022-07-10,509.97637939453125
2022-07-11,
2022-07-11,
2022-07-11,
2022-07-11,
2022-07-11,
2022-07-11,508.0224609375
2022-07-12,
2022-07-12,
2022-07-12,
2022-07-12,
2022-07-12,
2022-07-12,494.3449401855469
2022-07-13,
2022-07-13,
2022-07-13,
2022-07-13,
2022-07-13,
2022-07-13,478.7134704589844
2022-07-14,
2022-07-14,
2022-07-14,
2022-07-14,
2022-07-14,
2022-07-14,479.6904296875
2022-07-15,
2022-07-15,
2022-07-17,
2022-07-17,
2022-07-17,496.2988586425781
2022-07-18,
2022-07-18,
2022-07-18,
2022-07-18,
2022-07-18,
2022-07-18,529.5156860351562
2022-07-19,
2022-07-19,
2022-07-19,
2022-07-19,
2022-07-19,
2022-07-19,547.1011352539062
2022-07-20,
2022-07-20,
2022-07-20,
2022-07-20,
2022-07-20,
2022-07-20,556.8707885742188
2022-07-21,
2022-07-21,
2022-07-21,
2022-07-21,
2022-07-21,
2022-07-21,593.9954833984375
2022-07-22,
2022-07-22,
2022-07-24,
2022-07-24,
2022-07-24,
2022-07-24,570.5482788085938
2022-07-25,
2022-07-25,
2022-07-25,
2022-07-25,
2022-07-25,
2022-07-25,556.8707885742188
2022-07-26,
2022-07-26,
2022-07-26,
2022-07-26,
2022-07-26,
2022-07-26,547.1011352539062
2022-07-27,
2022-07-27,
2022-07-27,
2022-07-27,
2022-07-27,
2022-07-27,545.1471557617188
2022-07-28,
2022-07-28,
2022-07-28,
2022-07-28,
2022-07-28,
2022-07-28,574.4561767578125
2022-07-29,
2022-07-29,
2022-07-31,
2022-07-31,
2022-07-31,
2022-07-31,554.9168090820312
2022-08-01,
2022-08-01,
2022-08-01,
2022-08-01,
2022-08-01,
2022-08-01,564.6865234375
2022-08-02,
2022-08-02,
2022-08-02,
2022-08-02,
2022-08-02,
2022-08-02,590.087646484375
2022-08-03,
2022-08-03,
2022-08-03,
2022-08-03,
2022-08-03,
2022-08-03,582.2719116210938
2022-08-04,
2022-08-04,
2022-08-04,
2022-08-04,
2022-08-04,
2022-08-04,586.1797485351562
2022-08-05,
2022-08-05,
2022-08-07,
2022-08-07,
2022-08-07,
2022-08-07,588.1336669921875
2022-08-08,
2022-08-08,
2022-08-08,
2022-08-08,
2022-08-08,
2022-08-08,593.9954833984375
2022-08-09,
2022-08-09,
2022-08-09,
2022-08-09,
2022-08-09,
2022-08-09,592.0415649414062
2022-08-10,
2022-08-10,
2022-08-10,
2022-08-10,
2022-08-10,590.087646484375
2022-08-11,
2022-08-11,
2022-08-11,
2022-08-11,
2022-08-11,
2022-08-11,590.087646484375
2022-08-12,
2022-08-12,
2022-08-14,
2022-08-14,
2022-08-14,
2022-08-14,
2022-08-15,
2022-08-15,
2022-08-15,
2022-08-15,
2022-08-15,
2022-08-15,590.087646484375
2022-08-16,
2022-08-16,
2022-08-16,
2022-08-16,
2022-08-16,
2022-08-16,646.7516479492188
2022-08-17,
2022-08-17,
2022-08-17,
2022-08-17,
2022-08-17,
2022-08-17,662.3831176757812
2022-08-18,
2022-08-18,
2022-08-18,
2022-08-18,
2022-08-18,
2022-08-18,679.968505859375
2022-08-19,
2022-08-19,
2022-08-21,
2022-08-21,
2022-08-21,
2022-08-21,664.3370361328125
2022-08-22,
2022-08-22,
2022-08-22,
2022-08-22,
2022-08-22,
2022-08-22,654.5673828125
2022-08-23,
2022-08-23,
2022-08-23,
2022-08-23,
2022-08-23,
2022-08-23,646.7516479492188
2022-08-24,
2022-08-24,
2022-08-24,
2022-08-24,
2022-08-24,
2022-08-24,638.9359130859375
2022-08-25,
2022-08-25,
2022-08-25,
2022-08-25,
2022-08-25,
2022-08-25,631.1201782226562
2022-08-26,
2022-08-26,
2022-08-28,
2022-08-28,
2022-08-28,
2022-08-28,619.3966064453125
2022-08-29,
2022-08-29,
2022-08-29,
2022-08-29,
2022-08-29,
2022-08-29,617.4426879882812
2022-08-30,
2022-08-30,
2022-08-30,
2022-08-30,
2022-08-30,
2022-08-30,644.7977294921875
2022-08-31,
2022-08-31,
2022-08-31,
2022-08-31,
2022-08-31,
2022-08-31,625.2584228515625
2022-09-01,
2022-09-01,
2022-09-01,
2022-09-01,
2022-09-01,
2022-09-01,636.9819946289062
2022-09-02,
2022-09-02,
2022-09-04,
2022-09-04,
2022-09-04,
2022-09-04,646.7516479492188
2022-09-05,
2022-09-05,
2022-09-05,
2022-09-05,
2022-09-05,
2022-09-05,605.7190551757812
2022-09-06,
2022-09-06,
2022-09-06,
2022-09-06,
2022-09-06,
2022-09-06,611.5808715820312
2022-09-07,
2022-09-07,
2022-09-07,
2022-09-07,
2022-09-07,635.028076171875
2022-09-08,
2022-09-08,
2022-09-08,
2022-09-08,
2022-09-08,
2022-09-08,656.5213012695312
2022-09-09,
2022-09-09,
2022-09-11,
2022-09-11,
2022-09-11,
2022-09-11,666.291015625
2022-09-12,
2022-09-12,
2022-09-12,
2022-09-12,
2022-09-12,
2022-09-12,644.7977294921875
2022-09-13,
2022-09-13,
2022-09-13,
2022-09-13,
2022-09-13,
2022-09-13,629.166259765625
2022-09-14,
2022-09-14,
2022-09-14,
2022-09-14,
2022-09-14,
2022-09-14,619.3966064453125
2022-09-15,
2022-09-15,
2022-09-15,
2022-09-15,
2022-09-15,
2022-09-15,592.0415649414062
2022-09-16,
2022-09-16,
2022-09-18,
2022-09-18,
2022-09-18,590.087646484375
2022-09-19,
2022-09-19,
2022-09-19,
2022-09-19,
2022-09-19,
2022-09-19,592.0415649414062
2022-09-20,
2022-09-20,
2022-09-20,
2022-09-20,
2022-09-20,
2022-09-20,588.1336669921875
2022-09-21,
2022-09-21,
2022-09-21,
2022-09-21,
2022-09-21,
2022-09-21,586.1797485351562
2022-09-22,
2022-09-22,
2022-09-22,
2022-09-22,
2022-09-22,584.225830078125
2022-09-23,
2022-09-23,
2022-09-25,
2022-09-25,
2022-09-25,576.4100952148438
2022-09-26,
2022-09-26,
2022-09-26,
2022-09-26,
2022-09-26,
2022-09-26,576.4100952148438
2022-09-27,
2022-09-27,
2022-09-27,
2022-09-27,
2022-09-27,
2022-09-27,586.1797485351562
2022-09-28,
2022-09-28,
2022-09-28,
2022-09-28,
2022-09-28,
2022-09-28,570.5482788085938
2022-09-29,
2022-09-29,
2022-09-29,
2022-09-29,
2022-09-29,
2022-09-29,556.8707885742188
2022-09-30,
2022-09-30,
2022-10-02,
2022-10-02,
2022-10-02,
2022-10-02,554.9168090820312
2022-10-03,
2022-10-03,
2022-10-03,
2022-10-03,
2022-10-03,
2022-10-03,593.9954833984375
2022-10-04,
2022-10-04,
2022-10-04,
2022-10-04,
2022-10-04,
2022-10-04,593.9954833984375
2022-10-05,
2022-10-05,
2022-10-05,
2022-10-05,
2022-10-05,
2022-10-05,586.1797485351562
2022-10-06,
2022-10-06,
2022-10-06,
2022-10-06,
2022-10-06,
2022-10-06,572.5022583007812
2022-10-07,
2022-10-07,
2022-10-09,
2022-10-09,
2022-10-09,562.7325439453125
2022-10-10,
2022-10-10,
2022-10-10,
2022-10-10,
2022-10-10,
2022-10-10,586.1797485351562
2022-10-11,
2022-10-11,
2022-10-11,
2022-10-11,
2022-10-11,
2022-10-11,584.225830078125
2022-10-12,
2022-10-12,
2022-10-12,
2022-10-12,
2022-10-12,
2022-10-12,576.4100952148438
2022-10-13,
2022-10-13,
2022-10-13,
2022-10-13,
2022-10-13,
2022-10-13,588.1336669921875
2022-10-14,
2022-10-14,
2022-10-16,
2022-10-16,
2022-10-16,
2022-10-16,586.1797485351562
2022-10-17,
2022-10-17,
2022-10-17,
2022-10-17,
2022-10-17,
2022-10-17,582.2719116210938
2022-10-18,
2022-10-18,
2022-10-18,
2022-10-18,
2022-10-18,
2022-10-18,570.5482788085938
2022-10-19,
2022-10-19,
2022-10-19,
2022-10-19,
2022-10-19,
2022-10-19,595.9494018554688
2022-10-20,
2022-10-20,
2022-10-20,
2022-10-20,
2022-10-20,
2022-10-20,580.3179321289062
2022-10-21,
2022-10-21,
2022-10-23,
2022-10-23,
2022-10-23,562.7325439453125
2022-10-24,
2022-10-24,
2022-10-24,
2022-10-24,
2022-10-24,
2022-10-24,576.4100952148438
2022-10-25,
2022-10-25,
2022-10-25,
2022-10-25,
2022-10-25,
2022-10-25,586.1797485351562
2022-10-26,
2022-10-26,
2022-10-26,
2022-10-26,
2022-10-26,
2022-10-26,584.225830078125
2022-10-27,
2022-10-27,
2022-10-27,
2022-10-27,
2022-10-27,
2022-10-27,586.1797485351562
2022-10-28,
2022-10-28,
2022-10-30,
2022-10-30,
2022-10-30,
2022-10-30,605.7190551757812
2022-10-31,
2022-10-31,
2022-10-31,
2022-10-31,
2022-10-31,
2022-10-31,
2022-11-01,
2022-11-01,
2022-11-01,
2022-11-01,
2022-11-01,
2022-11-01,615.48876953125
2022-11-02,
2022-11-02,
2022-11-02,
2022-11-02,
2022-11-02,625.2584228515625
2022-11-03,
2022-11-03,
2022-11-03,
2022-11-03,
2022-11-03,
2022-11-03,635.028076171875
2022-11-04,
2022-11-04,
2022-11-06,
2022-11-06,
2022-11-06,
2022-11-06,658.4752807617188
2022-11-07,
2022-11-07,
2022-11-07,
2022-11-07,
2022-11-07,
2022-11-07,664.3370361328125
2022-11-08,
2022-11-08,
2022-11-08,
2022-11-08,
2022-11-08,
2022-11-08,652.6134643554688
2022-11-09,
2022-11-09,
2022-11-09,
2022-11-09,
2022-11-09,
2022-11-09,668.2449340820312
2022-11-10,
2022-11-10,
2022-11-10,
2022-11-10,
2022-11-10,
2022-11-10,
2022-11-11,
2022-11-11,
2022-11-13,
2022-11-13,
2022-11-13,
2022-11-13,670.1988525390625
2022-11-14,
2022-11-14,
2022-11-14,
2022-11-14,
2022-11-14,
2022-11-14,631.1201782226562
2022-11-15,
2022-11-15,
2022-11-15,
2022-11-15,
2022-11-15,
2022-11-15,625.2584228515625
2022-11-16,
2022-11-16,
2022-11-16,
2022-11-16,
2022-11-16,
2022-11-16,623.3045043945312
2022-11-17,
2022-11-17,
2022-11-17,
2022-11-17,
2022-11-17,
2022-11-17,619.3966064453125
2022-11-18,
2022-11-18,
2022-11-20,
2022-11-20,
2022-11-20,
2022-11-20,623.3045043945312
2022-11-21,
2022-11-21,
2022-11-21,
2022-11-21,
2022-11-21,
2022-11-21,625.2584228515625
2022-11-22,
2022-11-22,
2022-11-22,
2022-11-22,
2022-11-22,638.9359130859375
2022-11-23,
2022-11-23,
2022-11-23,
2022-11-23,
2022-11-23,
2022-11-23,662.3831176757812
2022-11-24,
2022-11-24,
2022-11-24,
2022-11-24,
2022-11-24,
2022-11-24,658.4752807617188
2022-11-25,
2022-11-25,
2022-11-27,
2022-11-27,
2022-11-27,
2022-11-27,664.3370361328125
2022-11-28,
2022-11-28,
2022-11-28,
2022-11-28,
2022-11-28,
2022-11-28,658.4752807617188
2022-11-29,
2022-11-29,
2022-11-29,
2022-11-29,
2022-11-29,
2022-11-29,652.6134643554688
2022-11-30,
2022-11-30,
2022-11-30,
2022-11-30,
2022-11-30,
2022-11-30,664.3370361328125
2022-12-01,
2022-12-01,
2022-12-01,
2022-12-01,
2022-12-01,
2022-12-01,662.3831176757812
2022-12-02,
2022-12-02,
2022-12-04,
2022-12-04,
2022-12-04,
2022-12-04,644.7977294921875
2022-12-05,
2022-12-05,
2022-12-05,
2022-12-05,
2022-12-05,
2022-12-05,644.7977294921875
2022-12-06,
2022-12-06,
2022-12-06,
2022-12-06,
2022-12-06,
2022-12-06,638.9359130859375
2022-12-07,
2022-12-07,
2022-12-07,
2022-12-07,
2022-12-07,
2022-12-07,595.9494018554688
2022-12-08,
2022-12-08,
2022-12-08,
2022-12-08,
2022-12-08,
2022-12-08,621.3505249023438
2022-12-09,
2022-12-09,
2022-12-11,
2022-12-11,
2022-12-11,
2022-12-11,635.028076171875
2022-12-12,
2022-12-12,
2022-12-12,
2022-12-12,
2022-12-12,
2022-12-12,650.6595458984375
2022-12-13,
2022-12-13,
2022-12-13,
2022-12-13,
2022-12-13,
2022-12-13,644.7977294921875
2022-12-14,
2022-12-14,
2022-12-14,
2022-12-14,
2022-12-14,
2022-12-14,640.889892578125
2022-12-15,
2022-12-15,
2022-12-15,
2022-12-15,
2022-12-15,
2022-12-15,662.3831176757812
2022-12-16,
2022-12-16,
2022-12-18,
2022-12-18,
2022-12-18,
2022-12-18,662.3831176757812
2022-12-19,
2022-12-19,
2022-12-19,
2022-12-19,
2022-12-19,
2022-12-19,662.3831176757812
2022-12-20,
2022-12-20,
2022-12-20,
2022-12-20,
2022-12-20,
2022-12-20,672.1527709960938
2022-12-21,
2022-12-21,
2022-12-21,
2022-12-21,
2022-12-21,
2022-12-21,683.8764038085938
2022-12-22,
2022-12-22,
2022-12-22,
2022-12-22,
2022-12-22,
2022-12-22,697.5538940429688
2022-12-23,
2022-12-23,
2022-12-25,
2022-12-25,
2022-12-26,
2022-12-26,
2022-12-26,
2022-12-26,687.7842407226562
2022-12-27,
2022-12-27,
2022-12-27,
2022-12-27,
2022-12-27,
2022-12-27,695.5999755859375
2022-12-28,
2022-12-28,
2022-12-28,
2022-12-28,
2022-12-28,
2022-12-28,709.2775268554688
2022-12-29,
2022-12-29,
2022-12-29,
2022-12-29,
2022-12-29,
2022-12-29,726.8629150390625
2022-12-30,
2022-12-30,
2023-01-01,730.770751953125
2023-01-02,
2023-01-02,
2023-01-02,736.632568359375
2023-01-03,
2023-01-03,
2023-01-03,
2023-01-03,
2023-01-03,
2023-01-03,767.8955078125
2023-01-04,
2023-01-04,
2023-01-04,
2023-01-04,
2023-01-04,
2023-01-04,750.31005859375
2023-01-05,
2023-01-05,
2023-01-05,
2023-01-05,
2023-01-05,
2023-01-05,
2023-01-06,
2023-01-06,
2023-01-08,
2023-01-08,
2023-01-08,779.6190795898438
2023-01-09,
2023-01-09,
2023-01-09,
2023-01-09,
2023-01-09,
2023-01-09,777.6651611328125
2023-01-10,
2023-01-10,
2023-01-10,
2023-01-10,
2023-01-10,
2023-01-10,758.1257934570312
2023-01-11,
2023-01-11,
2023-01-11,
2023-01-11,
2023-01-11,
2023-01-11,767.8955078125
2023-01-12,
2023-01-12,
2023-01-12,
2023-01-12,
2023-01-12,
2023-01-12,781.572998046875
2023-01-13,
2023-01-13,
2023-01-15,
2023-01-15,
2023-01-15,
2023-01-15,777.6651611328125
2023-01-16,
2023-01-16,
2023-01-16,
2023-01-16,
2023-01-16,
2023-01-16,752.2640380859375
2023-01-17,
2023-01-17,
2023-01-17,
2023-01-17,
2023-01-17,
2023-01-17,791.3426513671875
2023-01-18,
2023-01-18,
2023-01-18,
2023-01-18,
2023-01-18,
2023-01-18,803.0662841796875
2023-01-19,
2023-01-19,
2023-01-19,
2023-01-19,
2023-01-19,
2023-01-19,810.8820190429688
2023-01-20,
2023-01-20,
2023-01-22,
2023-01-22,
2023-01-22,793.296630859375
2023-01-23,
2023-01-23,
2023-01-23,
2023-01-23,
2023-01-23,795.2505493164062
2023-01-24,
2023-01-24,
2023-01-24,
2023-01-24,
2023-01-24,781.572998046875
2023-01-25,
2023-01-25,
2023-01-25,
2023-01-25,
2023-01-25,
2023-01-25,791.3426513671875
2023-01-26,
2023-01-26,
2023-01-26,
2023-01-26,
2023-01-26,
2023-01-26,803.0662841796875
2023-01-27,
2023-01-27,
2023-01-29,
2023-01-29,
2023-01-29,
2023-01-29,805.0202026367188
2023-01-30,
2023-01-30,
2023-01-30,
2023-01-30,
2023-01-30,
2023-01-30,810.8820190429688
2023-01-31,
2023-01-31,
2023-01-31,
2023-01-31,
2023-01-31,
2023-01-31,803.0662841796875
2023-02-01,
2023-02-01,
2023-02-01,
2023-02-01,
2023-02-01,
2023-02-01,812.8359375
2023-02-02,
2023-02-02,
2023-02-02,
2023-02-02,
2023-02-02,
2023-02-02,810.8820190429688
2023-02-03,
2023-02-03,
2023-02-05,
2023-02-05,
2023-02-05,812.8359375
2023-02-06,
2023-02-06,
2023-02-06,
2023-02-06,
2023-02-06,
2023-02-06,824.5595092773438
2023-02-07,
2023-02-07,
2023-02-07,
2023-02-07,
2023-02-07,
2023-02-07,814.7898559570312
2023-02-08,
2023-02-08,
2023-02-08,
2023-02-08,
2023-02-08,
2023-02-08,832.375244140625
2023-02-09,
2023-02-09,
2023-02-09,
2023-02-09,
2023-02-09,
2023-02-09,820.6516723632812
2023-02-10,
2023-02-10,
2023-02-12,
2023-02-12,
2023-02-12,
2023-02-12,816.7437744140625
2023-02-13,
2023-02-13,
2023-02-13,
2023-02-13,
2023-02-13,
2023-02-13,814.7898559570312
2023-02-14,
2023-02-14,
2023-02-14,
2023-02-14,
2023-02-14,
2023-02-14,812.8359375
2023-02-15,
2023-02-15,
2023-02-15,
2023-02-15,
2023-02-15,
2023-02-15,838.237060546875
2023-02-16,
2023-02-16,
2023-02-16,
2023-02-16,
2023-02-16,
2023-02-16,842.1448974609375
2023-02-17,
2023-02-17,
2023-02-19,
2023-02-19,
2023-02-19,
2023-02-19,834.3291625976562
2023-02-20,
2023-02-20,
2023-02-20,
2023-02-20,
2023-02-20,812.8359375
2023-02-21,
2023-02-21,
2023-02-21,
2023-02-21,
2023-02-21,
2023-02-21,789.3887329101562
2023-02-22,
2023-02-22,
2023-02-22,
2023-02-22,
2023-02-22,805.0202026367188
2023-02-23,
2023-02-23,
2023-02-23,
2023-02-23,
2023-02-23,
2023-02-23,797.2044677734375
2023-02-24,
2023-02-24,
2023-02-26,
2023-02-26,
2023-02-26,
2023-02-26,805.0202026367188
2023-02-27,
2023-02-27,
2023-02-27,
2023-02-27,
2023-02-27,
2023-02-27,820.6516723632812
2023-02-28,
2023-02-28,
2023-02-28,
2023-02-28,
2023-02-28,
2023-02-28,816.7437744140625
2023-03-01,
2023-03-01,
2023-03-01,
2023-03-01,
2023-03-01,
2023-03-01,838.237060546875
2023-03-02,
2023-03-02,
2023-03-02,
2023-03-02,
2023-03-02,
2023-03-02,830.4213256835938
2023-03-03,
2023-03-03,
2023-03-05,
2023-03-05,
2023-03-05,
2023-03-05,836.2831420898438
2023-03-06,
2023-03-06,
2023-03-06,
2023-03-06,
2023-03-06,
2023-03-06,951.5651245117188
2023-03-07,
2023-03-07,
2023-03-07,
2023-03-07,
2023-03-07,
2023-03-07,981.85107421875
2023-03-08,
2023-03-08,
2023-03-08,
2023-03-08,
2023-03-08,
2023-03-08,991.6207275390625
2023-03-09,
2023-03-09,
2023-03-09,
2023-03-09,
2023-03-09,
2023-03-09,1030.699462890625
2023-03-10,
2023-03-10,
2023-03-12,
2023-03-12,
2023-03-12,
2023-03-12,1055.12353515625
2023-03-13,
2023-03-13,
2023-03-13,
2023-03-13,
2023-03-13,
2023-03-13,1060.0084228515625
2023-03-14,
2023-03-14,
2023-03-14,
2023-03-14,
2023-03-14,
2023-03-14,1045.3538818359375
2023-03-15,
2023-03-15,
2023-03-15,
2023-03-15,
2023-03-15,
2023-03-15,1089.3173828125
2023-03-16,
2023-03-16,
2023-03-16,
2023-03-16,
2023-03-16,
2023-03-16,1103.971923828125
2023-03-17,
2023-03-17,
2023-03-19,
2023-03-19,
2023-03-19,
2023-03-19,1079.5477294921875
2023-03-20,
2023-03-20,
2023-03-20,
2023-03-20,
2023-03-20,1069.778076171875
2023-03-21,
2023-03-21,
2023-03-21,
2023-03-21,
2023-03-21,
2023-03-21,1079.5477294921875
2023-03-22,
2023-03-22,
2023-03-22,
2023-03-22,
2023-03-22,
2023-03-22,1138.1656494140625
2023-03-23,
2023-03-23,
2023-03-23,
2023-03-23,
2023-03-23,
2023-03-23,1118.6263427734375
2023-03-24,
2023-03-24,
2023-03-26,
2023-03-26,
2023-03-26,
2023-03-26,1084.4324951171875
2023-03-27,
2023-03-27,
2023-03-27,
2023-03-27,
2023-03-27,
2023-03-27,1128.39599609375
2023-03-28,
2023-03-28,
2023-03-28,
2023-03-28,
2023-03-28,
2023-03-28,1113.7415771484375
2023-03-29,
2023-03-29,
2023-03-29,
2023-03-29,
2023-03-29,
2023-03-29,1089.3173828125
2023-03-30,
2023-03-30,
2023-03-30,
2023-03-30,
2023-03-30,
2023-03-30,1128.39599609375
2023-03-31,
2023-03-31,
2023-04-02,
2023-04-02,
2023-04-02,
2023-04-02,1099.0870361328125
2023-04-03,
2023-04-03,
2023-04-03,
2023-04-03,
2023-04-03,
2023-04-03,1123.51123046875
2023-04-04,
2023-04-04,
2023-04-04,
2023-04-04,
2023-04-04,1094.2022705078125
2023-04-05,
2023-04-05,
2023-04-05,
2023-04-05,
2023-04-05,
2023-04-05,1113.7415771484375
2023-04-06,
2023-04-06,
2023-04-06,
2023-04-06,
2023-04-09,
2023-04-09,
2023-04-10,
2023-04-10,
2023-04-10,
2023-04-10,
2023-04-10,
2023-04-10,1089.3173828125
2023-04-11,
2023-04-11,
2023-04-11,
2023-04-11,
2023-04-11,
2023-04-11,1074.662841796875
2023-04-12,
2023-04-12,
2023-04-12,
2023-04-12,
2023-04-12,
2023-04-12,1074.662841796875
2023-04-13,
2023-04-13,
2023-04-13,
2023-04-13,
2023-04-13,
2023-04-13,1089.3173828125
2023-04-14,
2023-04-14,
2023-04-16,
2023-04-16,
2023-04-16,
2023-04-16,1094.2022705078125
2023-04-17,
2023-04-17,
2023-04-17,
2023-04-17,
2023-04-17,
2023-04-17,1099.0870361328125
2023-04-18,
2023-04-18,
2023-04-18,
2023-04-18,
2023-04-18,
2023-04-18,1094.2022705078125
2023-04-19,
2023-04-19,
2023-04-19,
2023-04-19,
2023-04-19,
2023-04-19,1089.3173828125
2023-04-20,
2023-04-20,
2023-04-20,
2023-04-20,
2023-04-20,
2023-04-20,1094.2022705078125
2023-04-21,
2023-04-23,
2023-04-23,
2023-04-23,
2023-04-23,1108.856689453125
2023-04-24,
2023-04-24,
2023-04-24,
2023-04-24,
2023-04-24,1118.6263427734375
2023-04-25,
2023-04-25,
2023-04-25,
2023-04-25,
2023-04-25,
2023-04-25,1118.6263427734375
2023-04-26,
2023-04-26,
2023-04-26,
2023-04-26,
2023-04-26,
2023-04-26,1187.0140380859375
2023-04-27,
2023-04-27,
2023-04-27,
2023-04-27,
2023-04-27,
2023-04-27,1147.935302734375
2023-04-28,
2023-04-28,
2023-04-30,
2023-04-30,
2023-05-01,
2023-05-01,
2023-05-01,
2023-05-01,
2023-05-01,1167.4747314453125
2023-05-02,
2023-05-02,
2023-05-02,
2023-05-02,
2023-05-02,
2023-05-03,
2023-05-03,
2023-05-03,
2023-05-03,
2023-05-03,1147.935302734375
2023-05-04,
2023-05-04,
2023-05-04,
2023-05-04,
2023-05-04,1162.58984375
2023-05-05,
2023-05-05,
2023-05-07,
2023-05-07,
2023-05-07,
2023-05-07,1147.935302734375
2023-05-08,
2023-05-08,
2023-05-08,
2023-05-08,
2023-05-08,
2023-05-08,1157.705078125
2023-05-09,
2023-05-09,
2023-05-09,
2023-05-09,
2023-05-09,
2023-05-09,1211.4381103515625
2023-05-10,
2023-05-10,
2023-05-10,
2023-05-10,
2023-05-10,
2023-05-10,1216.322998046875
2023-05-11,
2023-05-11,
2023-05-11,
2023-05-11,
2023-05-11,
2023-05-11,1191.8988037109375
2023-05-12,
2023-05-12,
2023-05-14,
2023-05-14,
2023-05-14,
2023-05-14,1182.129150390625
2023-05-15,
2023-05-15,
2023-05-15,
2023-05-15,
2023-05-15,
2023-05-15,1191.8988037109375
2023-05-16,
2023-05-16,
2023-05-16,
2023-05-16,
2023-05-16,
2023-05-16,1206.5533447265625
2023-05-17,
2023-05-17,
2023-05-17,
2023-05-17,
2023-05-17,
2023-05-17,1314.0196533203125
2023-05-18,
2023-05-18,
2023-05-18,
2023-05-18,
2023-05-18,
2023-05-18,1294.4803466796875
2023-05-19,
2023-05-19,
2023-05-21,
2023-05-21,
2023-05-21,
2023-05-21,1343.32861328125
2023-05-22,
2023-05-22,
2023-05-22,
2023-05-22,
2023-05-22,
2023-05-22,1401.946533203125
2023-05-23,
2023-05-23,
2023-05-23,
2023-05-23,
2023-05-23,
2023-05-23,1353.0982666015625
2023-05-24,
2023-05-24,
2023-05-24,
2023-05-24,
2023-05-24,
2023-05-24,1323.789306640625
2023-05-25,
2023-05-25,
2023-05-25,
2023-05-25,
2023-05-25,
2023-05-25,1353.0982666015625
2023-05-26,
2023-05-26,
2023-05-28,
2023-05-28,
2023-05-28,
2023-05-28,1382.4072265625
2023-05-29,
2023-05-29,
2023-05-29,
2023-05-29,
2023-05-29,
2023-05-29,1377.5224609375
2023-05-30,
2023-05-30,
2023-05-30,
2023-05-30,
2023-05-30,
2023-05-30,1299.3651123046875
2023-05-31,
2023-05-31,
2023-05-31,
2023-05-31,
2023-05-31,
2023-05-31,1348.2135009765625
2023-06-01,
2023-06-01,
2023-06-01,
2023-06-01,
2023-06-01,
2023-06-01,1392.1768798828125
2023-06-02,
2023-06-02,
2023-06-04,
2023-06-04,
2023-06-04,1372.6375732421875
2023-06-05,
2023-06-05,
2023-06-05,
2023-06-05,
2023-06-05,
2023-06-05,1431.255615234375
2023-06-06,
2023-06-06,
2023-06-06,
2023-06-06,
2023-06-06,
2023-06-06,1382.4072265625
2023-06-07,
2023-06-07,
2023-06-07,
2023-06-07,
2023-06-07,
2023-06-07,
2023-06-08,
2023-06-08,
2023-06-08,
2023-06-08,
2023-06-08,1421.4859619140625
2023-06-09,
2023-06-09,
2023-06-11,
2023-06-11,
2023-06-11,
2023-06-11,1445.9100341796875
2023-06-12,
2023-06-12,
2023-06-12,
2023-06-12,
2023-06-12,
2023-06-12,1411.71630859375
2023-06-13,
2023-06-13,
2023-06-13,
2023-06-13,
2023-06-13,
2023-06-13,1421.4859619140625
2023-06-14,
2023-06-14,
2023-06-14,
2023-06-14,
2023-06-14,
2023-06-14,1416.60107421875
2023-06-15,
2023-06-15,
2023-06-15,
2023-06-15,
2023-06-15,
2023-06-15,1445.9100341796875
2023-06-16,
2023-06-16,
2023-06-18,
2023-06-18,
2023-06-18,
2023-06-18,1441.0252685546875
2023-06-19,
2023-06-19,
2023-06-19,
2023-06-19,
2023-06-19,
2023-06-19,1421.4859619140625
2023-06-20,
2023-06-20,
2023-06-20,
2023-06-20,
2023-06-20,
2023-06-20,1426.3707275390625
2023-06-21,
2023-06-21,
2023-06-21,
2023-06-21,
2023-06-21,1499.6431884765625
2023-06-22,
2023-06-22,
2023-06-22,
2023-06-22,
2023-06-22,
2023-06-22,1533.8370361328125
2023-06-23,
2023-06-23,
2023-06-25,
2023-06-25,
2023-06-25,
2023-06-25,1484.98876953125
2023-06-26,
2023-06-26,
2023-06-26,
2023-06-26,
2023-06-26,
2023-06-26,1450.794921875
2023-06-27,
2023-06-27,
2023-06-27,
2023-06-27,
2023-06-27,
2023-06-27,1450.794921875
2023-06-28,
2023-06-28,
2023-06-28,
2023-06-28,
2023-06-28,
2023-06-28,1499.6431884765625
2023-06-29,
2023-06-29,
2023-06-29,
2023-06-29,
2023-06-29,
2023-06-29,1494.7584228515625
2023-06-30,
2023-06-30,
2023-07-02,
2023-07-02,
2023-07-02,
2023-07-02,1504.528076171875
2023-07-03,
2023-07-03,
2023-07-03,
2023-07-03,
2023-07-03,
2023-07-03,1480.1038818359375
2023-07-04,
2023-07-04,
2023-07-04,
2023-07-04,
2023-07-04,
2023-07-04,1480.1038818359375
2023-07-05,
2023-07-05,
2023-07-05,
2023-07-05,
2023-07-05,
2023-07-05,1543.606689453125
2023-07-06,
2023-07-06,
2023-07-06,
2023-07-06,
2023-07-06,
2023-07-06,1494.7584228515625
2023-07-07,
2023-07-07,
2023-07-09,
2023-07-09,
2023-07-09,
2023-07-09,1651.072998046875
2023-07-10,
2023-07-10,
2023-07-10,
2023-07-10,
2023-07-10,
2023-07-10,1621.7640380859375
2023-07-11,
2023-07-11,
2023-07-11,
2023-07-11,
2023-07-11,
2023-07-11,1670.6123046875
2023-07-12,
2023-07-12,
2023-07-12,
2023-07-12,
2023-07-12,
2023-07-12,1636.41845703125
2023-07-13,
2023-07-13,
2023-07-13,
2023-07-13,
2023-07-13,1646.1881103515625
2023-07-14,
2023-07-14,
2023-07-16,
2023-07-16,
2023-07-16,1597.33984375
2023-07-17,
2023-07-17,
2023-07-17,
2023-07-17,
2023-07-17,
2023-07-17,1675.4971923828125
2023-07-18,
2023-07-18,
2023-07-18,
2023-07-18,
2023-07-18,
2023-07-18,1660.8426513671875
2023-07-19,
2023-07-19,
2023-07-19,
2023-07-19,
2023-07-19,
2023-07-19,1709.69091796875
2023-07-20,
2023-07-20,
2023-07-20,
2023-07-20,
2023-07-20,
2023-07-20,1641.3033447265625
2023-07-21,
2023-07-21,
2023-07-23,
2023-07-23,
2023-07-23,
2023-07-23,1743.884765625
2023-07-24,
2023-07-24,
2023-07-24,
2023-07-24,
2023-07-24,
2023-07-24,1685.266845703125
2023-07-25,
2023-07-25,
2023-07-25,
2023-07-25,
2023-07-25,
2023-07-25,1660.8426513671875
2023-07-26,
2023-07-26,
2023-07-26,
2023-07-26,
2023-07-26,
2023-07-26,1685.266845703125
2023-07-27,
2023-07-27,
2023-07-27,
2023-07-27,
2023-07-27,
2023-07-27,1655.957763671875
2023-07-28,
2023-07-28,
2023-07-30,
2023-07-30,
2023-07-30,
2023-07-30,1699.9212646484375
2023-07-31,
2023-07-31,
2023-07-31,
2023-07-31,
2023-07-31,
2023-07-31,1651.072998046875
2023-08-01,
2023-08-01,
2023-08-01,
2023-08-01,
2023-08-01,
2023-08-01,1611.994384765625
2023-08-02,
2023-08-02,
2023-08-02,
2023-08-02,
2023-08-02,
2023-08-02,1602.224609375
2023-08-03,
2023-08-03,
2023-08-03,
2023-08-03,
2023-08-03,
2023-08-03,1587.5701904296875
2023-08-04,
2023-08-04,
2023-08-06,
2023-08-06,
2023-08-06,
2023-08-06,1563.14599609375
2023-08-07,
2023-08-07,
2023-08-07,
2023-08-07,
2023-08-07,
2023-08-07,1563.14599609375
2023-08-08,
2023-08-08,
2023-08-08,
2023-08-08,
2023-08-08,
2023-08-08,1582.685302734375
2023-08-09,
2023-08-09,
2023-08-09,
2023-08-09,
2023-08-09,
2023-08-09,1621.7640380859375
2023-08-10,
2023-08-10,
2023-08-10,
2023-08-10,
2023-08-10,1621.7640380859375
2023-08-11,
2023-08-11,
2023-08-13,
2023-08-13,
2023-08-13,
2023-08-13,1587.5701904296875
2023-08-14,
2023-08-14,
2023-08-14,
2023-08-14,
2023-08-14,
2023-08-14,
2023-08-15,
2023-08-15,
2023-08-15,
2023-08-15,
2023-08-15,
2023-08-15,1572.9156494140625
2023-08-16,
2023-08-16,
2023-08-16,
2023-08-16,
2023-08-16,
2023-08-16,1748.7696533203125
2023-08-17,
2023-08-17,
2023-08-17,
2023-08-17,
2023-08-17,
2023-08-17,1729.230224609375
2023-08-18,
2023-08-18,
2023-08-20,
2023-08-20,
2023-08-20,
2023-08-20,1787.8482666015625
2023-08-21,
2023-08-21,
2023-08-21,
2023-08-21,
2023-08-21,
2023-08-21,1748.7696533203125
2023-08-22,
2023-08-22,
2023-08-22,
2023-08-22,
2023-08-22,
2023-08-22,1748.7696533203125
2023-08-23,
2023-08-23,
2023-08-23,
2023-08-23,
2023-08-23,
2023-08-23,1729.230224609375
2023-08-24,
2023-08-24,
2023-08-24,
2023-08-24,
2023-08-24,
2023-08-24,1778.07861328125
2023-08-25,
2023-08-25,
2023-08-27,
2023-08-27,
2023-08-27,
2023-08-27,1719.4605712890625
2023-08-28,
2023-08-28,
2023-08-28,
2023-08-28,
2023-08-28,
2023-08-28,1704.80615234375
2023-08-29,
2023-08-29,
2023-08-29,
2023-08-29,
2023-08-29,
2023-08-29,1690.151611328125
2023-08-30,
2023-08-30,
2023-08-30,
2023-08-30,
2023-08-30,
2023-08-30,1660.8426513671875
2023-08-31,
2023-08-31,
2023-08-31,
2023-08-31,
2023-08-31,
2023-08-31,1636.41845703125
2023-09-01,
2023-09-01,
2023-09-03,
2023-09-03,
2023-09-03,
2023-09-03,1651.072998046875
2023-09-04,
2023-09-04,
2023-09-04,
2023-09-04,
2023-09-04,1651.072998046875
2023-09-05,
2023-09-05,
2023-09-05,
2023-09-05,
2023-09-05,
2023-09-05,1665.7274169921875
2023-09-06,
2023-09-06,
2023-09-06,
2023-09-06,
2023-09-06,
2023-09-06,1729.230224609375
2023-09-07,
2023-09-07,
2023-09-07,
2023-09-07,
2023-09-07,
2023-09-07,1787.8482666015625
2023-09-08,
2023-09-08,
2023-09-10,
2023-09-10,
2023-09-10,
2023-09-10,1812.2724609375
2023-09-11,
2023-09-11,
2023-09-11,
2023-09-11,
2023-09-11,
2023-09-11,1763.424072265625
2023-09-12,
2023-09-12,
2023-09-12,
2023-09-12,
2023-09-12,
2023-09-12,1739.0
2023-09-13,
2023-09-13,
2023-09-13,
2023-09-13,
2023-09-13,
2023-09-13,1750.0
2023-09-14,
2023-09-14,
2023-09-14,
2023-09-14,
2023-09-14,
2023-09-14,1780.0
2023-09-15,
2023-09-15,
2023-09-17,
2023-09-17,
2023-09-17,1740.0
2023-09-18,
2023-09-18,
2023-09-18,
2023-09-18,
2023-09-18,
2023-09-18,1735.0
2023-09-19,
2023-09-19,
2023-09-19,
2023-09-19,
2023-09-19,
2023-09-19,1710.0
2023-09-20,
2023-09-20,
2023-09-20,
2023-09-20,
2023-09-20,
2023-09-20,1735.0
2023-09-21,
2023-09-21,
2023-09-21,
2023-09-21,
2023-09-21,
2023-09-21,1785.0
2023-09-22,
2023-09-22,
2023-09-24,
2023-09-24,
2023-09-24,
2023-09-24,1745.0
2023-09-25,
2023-09-25,
2023-09-25,
2023-09-25,
2023-09-25,
2023-09-25,1800.0
2023-09-26,
2023-09-26,
2023-09-26,
2023-09-26,
2023-09-26,
2023-09-26,1740.0
2023-09-27,
2023-09-27,
2023-09-27,
2023-09-27,
2023-09-27,
2023-09-27,1740.0
2023-09-28,
2023-09-28,
2023-09-28,
2023-09-28,
2023-09-28,
2023-09-28,1765.0
2023-09-29,
2023-09-29,
2023-10-01,
2023-10-01,
2023-10-01,
2023-10-01,1730.0
2023-10-02,
2023-10-02,
2023-10-02,
2023-10-02,
2023-10-02,
2023-10-02,1705.0
2023-10-03,
2023-10-03,
2023-10-03,
2023-10-03,
2023-10-03,
2023-10-03,1715.0
2023-10-04,
2023-10-04,
2023-10-04,
2023-10-04,
2023-10-04,
2023-10-04,1755.0
2023-10-05,
2023-10-05,
2023-10-05,
2023-10-05,
2023-10-05,
2023-10-05,1740.0
2023-10-06,
2023-10-06,
2023-10-08,
2023-10-08,
2023-10-08,1715.0
2023-10-09,
2023-10-09,
2023-10-09,
2023-10-09,
2023-10-09,
2023-10-09,1780.0
2023-10-10,
2023-10-10,
2023-10-10,
2023-10-10,
2023-10-10,
2023-10-10,1700.0
2023-10-11,
2023-10-11,
2023-10-11,
2023-10-11,
2023-10-11,
2023-10-11,1715.0
2023-10-12,
2023-10-12,
2023-10-12,
2023-10-12,
2023-10-12,
2023-10-12,1710.0
2023-10-13,
2023-10-13,
2023-10-15,
2023-10-15,
2023-10-15,
2023-10-15,1800.0
2023-10-16,
2023-10-16,
2023-10-16,
2023-10-16,
2023-10-16,
2023-10-16,1850.0
2023-10-17,
2023-10-17,
2023-10-17,
2023-10-17,
2023-10-17,
2023-10-17,1795.0
2023-10-18,
2023-10-18,
2023-10-18,
2023-10-18,
2023-10-18,
2023-10-18,1785.0
2023-10-19,
2023-10-19,
2023-10-19,
2023-10-19,
2023-10-19,
2023-10-19,1690.0
2023-10-20,
2023-10-20,
2023-10-22,
2023-10-22,
2023-10-22,1680.0
2023-10-23,
2023-10-23,
2023-10-23,
2023-10-23,
2023-10-23,
2023-10-23,1720.0
2023-10-24,
2023-10-24,
2023-10-24,
2023-10-24,
2023-10-24,
2023-10-24,1735.0
2023-10-25,
2023-10-25,
2023-10-25,
2023-10-25,
2023-10-25,
2023-10-25,1735.0
2023-10-26,
2023-10-26,
2023-10-26,
2023-10-26,
2023-10-26,
2023-10-26,1765.0
2023-10-27,
2023-10-27,
2023-10-29,
2023-10-29,
2023-10-29,
2023-10-29,1785.0
2023-10-30,
2023-10-30,
2023-10-30,
2023-10-30,
2023-10-30,
2023-10-30,1785.0
2023-10-31,
2023-10-31,
2023-10-31,
2023-10-31,
2023-10-31,
2023-10-31,
2023-11-01,
2023-11-01,
2023-11-01,
2023-11-01,
2023-11-01,
2023-11-01,1755.0
2023-11-02,
2023-11-02,
2023-11-02,
2023-11-02,
2023-11-02,1705.0
2023-11-03,
2023-11-03,
2023-11-05,
2023-11-05,
2023-11-05,
2023-11-05,1750.0
2023-11-06,
2023-11-06,
2023-11-06,
2023-11-06,
2023-11-06,
2023-11-06,1740.0
2023-11-07,
2023-11-07,
2023-11-07,
2023-11-07,
2023-11-07,
2023-11-07,1710.0
2023-11-08,
2023-11-08,
2023-11-08,
2023-11-08,
2023-11-08,
2023-11-08,1705.0
2023-11-09,
2023-11-09,
2023-11-09,
2023-11-09,
2023-11-09,
2023-11-09,1700.0
2023-11-10,
2023-11-10,
2023-11-12,
2023-11-12,
2023-11-12,
2023-11-12,1750.0
2023-11-13,
2023-11-13,
2023-11-13,
2023-11-13,
2023-11-13,
2023-11-13,1790.0
2023-11-14,
2023-11-14,
2023-11-14,
2023-11-14,
2023-11-14,
2023-11-14,1815.0
2023-11-15,
2023-11-15,
2023-11-15,
2023-11-15,
2023-11-15,
2023-11-15,1740.0
2023-11-16,
2023-11-16,
2023-11-16,
2023-11-16,
2023-11-16,
2023-11-16,1760.0
2023-11-17,
2023-11-17,
2023-11-19,
2023-11-19,
2023-11-19,
2023-11-19,1730.0
2023-11-20,
2023-11-20,
2023-11-20,
2023-11-20,
2023-11-20,
2023-11-20,1770.0
2023-11-21,
2023-11-21,
2023-11-21,
2023-11-21,
2023-11-21,
2023-11-21,1765.0
2023-11-22,
2023-11-22,
2023-11-22,
2023-11-22,
2023-11-22,1990.0
2023-11-23,
2023-11-23,
2023-11-23,
2023-11-23,
2023-11-23,
2023-11-23,1855.0
2023-11-24,
2023-11-24,
2023-11-26,
2023-11-26,
2023-11-26,
2023-11-26,1825.0
2023-11-27,
2023-11-27,
2023-11-27,
2023-11-27,
2023-11-27,
2023-11-27,1895.0
2023-11-28,
2023-11-28,
2023-11-28,
2023-11-28,
2023-11-28,
2023-11-28,1920.0
2023-11-29,
2023-11-29,
2023-11-29,
2023-11-29,
2023-11-29,
2023-11-29,1905.0
2023-11-30,
2023-11-30,
2023-11-30,
2023-11-30,
2023-11-30,
2023-11-30,1890.0
2023-12-01,
2023-12-01,
2023-12-03,
2023-12-03,
2023-12-03,
2023-12-03,1900.0
2023-12-04,
2023-12-04,
2023-12-04,
2023-12-04,
2023-12-04,
2023-12-04,1875.0
2023-12-05,
2023-12-05,
2023-12-05,
2023-12-05,
2023-12-05,
2023-12-05,1900.0
2023-12-06,
2023-12-06,
2023-12-06,
2023-12-06,
2023-12-06,
2023-12-06,1855.0
2023-12-07,
2023-12-07,
2023-12-07,
2023-12-07,
2023-12-07,
2023-12-07,1860.0
2023-12-08,
2023-12-08,
2023-12-10,
2023-12-10,
2023-12-10,
2023-12-10,1915.0
2023-12-11,
2023-12-11,
2023-12-11,
2023-12-11,
2023-12-11,
2023-12-11,2020.0
2023-12-12,
2023-12-12,
2023-12-12,
2023-12-12,
2023-12-12,
2023-12-12,1970.0
2023-12-13,
2023-12-13,
2023-12-13,
2023-12-13,
2023-12-13,
2023-12-13,1995.0
2023-12-14,
2023-12-14,
2023-12-14,
2023-12-14,
2023-12-14,
2023-12-14,2090.0
2023-12-15,
2023-12-15,
2023-12-17,
2023-12-17,
2023-12-17,
2023-12-17,2080.0
2023-12-18,
2023-12-18,
2023-12-18,
2023-12-18,
2023-12-18,
2023-12-18,2060.0
2023-12-19,
2023-12-19,
2023-12-19,
2023-12-19,
2023-12-19,
2023-12-19,2070.0
2023-12-20,
2023-12-20,
2023-12-20,
2023-12-20,
2023-12-20,
2023-12-20,2130.0
2023-12-21,
2023-12-21,
2023-12-21,
2023-12-21,
2023-12-21,
2023-12-21,2090.0
2023-12-22,
2023-12-22,
2023-12-24,
2023-12-24,
2023-12-25,
2023-12-25,
2023-12-26,
2023-12-26,
2023-12-26,
2023-12-26,
2023-12-26,
2023-12-26,2010.0
2023-12-27,
2023-12-27,
2023-12-27,
2023-12-27,
2023-12-27,
2023-12-27,2000.0
2023-12-28,
2023-12-28,
2023-12-28,
2023-12-28,
2023-12-28,
2023-12-28,1950.0
2023-12-29,
2023-12-29,
2024-01-01,
2024-01-01,2080.0
2024-01-02,
2024-01-02,
2024-01-02,
2024-01-02,
2024-01-02,2020.0
2024-01-03,
2024-01-03,
2024-01-03,
2024-01-03,
2024-01-03,
2024-01-03,2010.0
2024-01-04,
2024-01-04,
2024-01-04,
2024-01-04,
2024-01-04,
2024-01-04,2010.0
2024-01-05,
2024-01-05,
2024-01-07,
2024-01-07,
2024-01-07,2100.0
2024-01-08,
2024-01-08,
2024-01-08,
2024-01-08,
2024-01-08,
2024-01-08,2130.0
2024-01-09,
2024-01-09,
2024-01-09,
2024-01-09,
2024-01-09,
2024-01-09,2140.0
2024-01-10,
2024-01-10,
2024-01-10,
2024-01-10,
2024-01-10,
2024-01-10,2150.0
2024-01-11,
2024-01-11,
2024-01-11,
2024-01-11,
2024-01-11,
2024-01-11,2200.0
2024-01-12,
2024-01-12,
2024-01-14,
2024-01-14,
2024-01-14,
2024-01-14,2160.0
2024-01-15,
2024-01-15,
2024-01-15,
2024-01-15,
2024-01-15,
2024-01-15,2140.0
2024-01-16,
2024-01-16,
2024-01-16,
2024-01-16,
2024-01-16,
2024-01-16,2110.0
2024-01-17,
2024-01-17,
2024-01-17,
2024-01-17,
2024-01-17,
2024-01-17,2200.0
2024-01-18,
2024-01-18,
2024-01-18,
2024-01-18,
2024-01-18,
2024-01-18,2230.0
2024-01-19,
2024-01-19,
2024-01-21,
2024-01-21,
2024-01-21,
2024-01-21,2250.0
2024-01-22,
2024-01-22,
2024-01-22,
2024-01-22,
2024-01-22,
2024-01-22,2220.0
2024-01-23,
2024-01-23,
2024-01-23,
2024-01-23,
2024-01-23,
2024-01-23,2180.0
2024-01-24,
2024-01-24,
2024-01-24,
2024-01-24,
2024-01-24,
2024-01-24,2230.0
2024-01-25,
2024-01-25,
2024-01-25,
2024-01-25,
2024-01-25,
2024-01-25,2190.0
2024-01-26,
2024-01-26,
2024-01-28,
2024-01-28,
2024-01-28,
2024-01-28,2170.0
2024-01-29,
2024-01-29,
2024-01-29,
2024-01-29,
2024-01-29,
2024-01-29,2190.0
2024-01-30,
2024-01-30,
2024-01-30,
2024-01-30,
2024-01-30,
2024-01-30,2220.0
2024-01-31,
2024-01-31,
2024-01-31,
2024-01-31,
2024-01-31,
2024-01-31,2240.0
2024-02-01,
2024-02-01,
2024-02-01,
2024-02-01,
2024-02-01,
2024-02-01,2270.0
2024-02-02,
2024-02-02,
2024-02-04,
2024-02-04,
2024-02-04,
2024-02-04,2270.0
2024-02-05,
2024-02-05,
2024-02-05,
2024-02-05,
2024-02-05,2250.0
2024-02-06,
2024-02-06,
2024-02-06,
2024-02-06,
2024-02-06,
2024-02-06,2280.0
2024-02-07,
2024-02-07,
2024-02-07,
2024-02-07,
2024-02-07,
2024-02-07,2280.0
2024-02-08,
2024-02-08,
2024-02-08,
2024-02-08,
2024-02-08,
2024-02-08,2290.0
2024-02-09,
2024-02-09,
2024-02-11,
2024-02-11,2270.0
2024-02-12,
2024-02-12,
2024-02-12,
2024-02-12,
2024-02-12,2250.0
2024-02-13,
2024-02-13,
2024-02-13,
2024-02-13,
2024-02-13,
2024-02-13,2250.0
2024-02-14,
2024-02-14,
2024-02-14,
2024-02-14,
2024-02-14,
2024-02-14,2170.0
2024-02-15,
2024-02-15,
2024-02-15,
2024-02-15,
2024-02-15,
2024-02-15,2350.0
2024-02-16,
2024-02-16,
2024-02-18,
2024-02-18,
2024-02-18,
2024-02-18,2370.0
2024-02-19,
2024-02-19,
2024-02-19,
2024-02-19,
2024-02-19,2340.0
2024-02-20,
2024-02-20,
2024-02-20,
2024-02-20,
2024-02-20,
2024-02-20,2300.0
2024-02-21,
2024-02-21,
2024-02-21,
2024-02-21,
2024-02-21,
2024-02-21,2300.0
2024-02-22,
2024-02-22,
2024-02-22,
2024-02-22,
2024-02-22,2330.0
2024-02-23,
2024-02-23,
2024-02-25,
2024-02-25,
2024-02-25,
2024-02-25,2320.0
2024-02-26,
2024-02-26,
2024-02-26,
2024-02-26,
2024-02-26,
2024-02-26,2300.0
2024-02-27,
2024-02-27,
2024-02-27,
2024-02-27,
2024-02-27,
2024-02-27,2290.0
2024-02-28,
2024-02-28,
2024-02-28,
2024-02-28,
2024-02-28,
2024-02-28,2340.0
2024-02-29,
2024-02-29,
2024-02-29,
2024-02-29,
2024-02-29,
2024-02-29,2420.0
2024-03-01,
2024-03-01,
2024-03-03,
2024-03-03,
2024-03-03,
2024-03-03,2430.0
2024-03-04,
2024-03-04,
2024-03-04,
2024-03-04,
2024-03-04,
2024-03-04,2510.0
2024-03-05,
2024-03-05,
2024-03-05,
2024-03-05,
2024-03-05,
2024-03-05,2500.0
2024-03-06,
2024-03-06,
2024-03-06,
2024-03-06,
2024-03-06,
2024-03-06,2530.0
2024-03-07,
2024-03-07,
2024-03-07,
2024-03-07,
2024-03-07,
2024-03-07,2540.0
2024-03-08,
2024-03-08,
2024-03-10,
2024-03-10,
2024-03-10,
2024-03-10,2400.0
2024-03-11,
2024-03-11,
2024-03-11,
2024-03-11,
2024-03-11,
2024-03-11,2450.0
2024-03-12,
2024-03-12,
2024-03-12,
2024-03-12,
2024-03-12,
2024-03-12,2530.0
2024-03-13,
2024-03-13,
2024-03-13,
2024-03-13,
2024-03-13,
2024-03-13,2530.0
2024-03-14,
2024-03-14,
2024-03-14,
2024-03-14,
2024-03-14,
2024-03-14,2480.0
2024-03-15,
2024-03-15,
2024-03-17,
2024-03-17,
2024-03-17,
2024-03-17,2500.0
2024-03-18,
2024-03-18,
2024-03-18,
2024-03-18,
2024-03-18,
2024-03-18,2660.0
2024-03-19,
2024-03-19,
2024-03-19,
2024-03-19,
2024-03-19,2630.0
2024-03-20,
2024-03-20,
2024-03-20,
2024-03-20,
2024-03-20,
2024-03-20,2670.0
2024-03-21,
2024-03-21,
2024-03-21,
2024-03-21,
2024-03-21,
2024-03-21,2740.0
2024-03-22,
2024-03-22,
2024-03-24,
2024-03-24,
2024-03-24,
2024-03-24,2710.0
2024-03-25,
2024-03-25,
2024-03-25,
2024-03-25,
2024-03-25,
2024-03-25,2650.0
2024-03-26,
2024-03-26,
