,AED,AFN,ALL,AMD,ANG,AOA,ARS,AUD,AWG,AZN,BAM,BBD,BDT,BGN,BHD,BIF,BMD,BND,BOB,BRL,BSD,BTC,BTN,BWP,BYN,BYR,BZD,CAD,CDF,CHF,CLF,CLP,CNH,CNY,COP,CRC,CUC,CUP,CVE,CZK,DJF,DKK,DOP,DZD,EGP,ERN,ETB,EUR,FJD,FKP,GBP,GEL,GGP,GHS,GIP,GMD,GNF,GTQ,GYD,HKD,HNL,HRK,HTG,HUF,IDR,ILS,IMP,INR,IQD,IRR,ISK,JEP,JMD,JOD,JPY,KES,KGS,KHR,KMF,KPW,KRW,KWD,KYD,KZT,LAK,LBP,LKR,LRD,LSL,LTL,LVL,LYD,MAD,MDL,MGA,MKD,MMK,MNT,MOP,MRU,MUR,MVR,MWK,MXN,MYR,MZN,NAD,NGN,NIO,NOK,NPR,NZD,OMR,PAB,PEN,PGK,PHP,PKR,PLN,PYG,QAR,RON,RSD,RUB,RWF,SAR,SBD,SCR,SDG,SEK,SGD,SHP,SLE,SLL,SOS,SRD,STD,SVC,SYP,SZL,THB,TJS,TMT,TND,TOP,TRY,TTD,TWD,TZS,UAH,UGX,USD,UYU,UZS,VEF,VES,VND,VUV,WST,XAF,XAG,XAU,XCD,XDR,XOF,XPF,YER,ZAR,ZMK,ZMW,ZWL
2024-03-27,3.672299,72.500953,96.350336,394.709774,1.80267,838.000108,857.742059,1.533296,1.8,1.701714,1.807812,2.019485,109.773908,1.806393,0.376901,2865.0,1.0,1.348511,6.911309,4.991794,1.000222,1.439112e-05,83.358137,13.710646,3.272789,19600.0,2.016157,1.35885,2795.000186,0.905704,0.035512,979.889928,7.25861,7.226795,3848.13,508.388409,1.0,26.5,102.303327,23.418099,177.719975,6.897635,59.25019,134.719242,47.248499,15.0,56.874974,0.924805,2.2549,0.791928,0.79265,2.709811,0.791928,13.193234,0.791928,67.924985,8600.000096,7.799675,209.261912,7.82355,24.780099,6.882375,132.604958,365.220438,15884.0,3.676705,0.791928,83.36525,1310.0,42035.000124,139.000104,0.791928,153.921523,0.708902,151.293498,132.502829,89.509949,4045.000227,455.049996,899.925559,1350.524979,0.30765,0.833564,450.224613,20947.502428,89700.000166,300.903999,192.749434,18.885023,2.95274,0.60489,4.825025,10.141501,17.699311,4391.501874,56.887709,2100.456621,3403.702206,8.05999,40.049646,46.289704,15.460287,1742.000423,16.565703,4.732987,63.499964,18.88994,1418.570596,36.849756,10.803305,133.373388,1.668905,0.38495,1.000222,3.736425,3.832063,56.279019,277.949887,3.99055,7379.026667,3.640499,4.598903,108.317032,92.450243,1289.0,3.750676,8.465274,13.550529,601.000211,10.64296,1.34879,1.263972,22.596527,22596.526609,571.485115,34.852977,20697.981008,8.751594,13001.853422,18.88979,36.410086,10.942266,3.5,3.122984,2.37745,32.304703,6.802237,31.9944,2557.496888,39.283271,3885.900209,1.0,37.823748,12625.000237,3628387.38319,36.28861,24795.0,120.675453,2.766241,606.323369,0.040707,0.000456,2.70255,0.755273,604.505548,110.550116,250.349764,18.93365,9001.202446,25.230855,321.999592
2024-03-28,3.672104,72.495814,96.350165,393.916498,1.80189,832.633019,857.290433,1.535025,1.8025,1.714659,1.813192,2.018634,109.729755,1.807818,0.376921,2865.0,1.0,1.351133,6.908604,5.015605,0.99975,1.4132979e-05,83.363479,13.770917,3.271852,19600.0,2.015288,1.35385,2805.000177,0.901315,0.035551,980.960132,7.26209,7.227505,3859.0,502.853117,1.0,26.5,102.308457,23.434043,177.719669,6.911199,59.250307,134.68697,47.395297,15.0,56.875027,0.92655,2.256903,0.791846,0.79205,2.696786,0.791846,13.198872,0.791846,67.924991,8599.999792,7.795892,209.344044,7.82627,24.780126,6.882375,132.552739,365.260536,15884.0,3.66371,0.791846,83.39325,1310.0,42035.000396,139.280055,0.791846,153.868975,0.708897,151.449504,132.501353,89.471003,4044.999635,455.050009,899.995572,1350.505032,0.30765,0.833171,448.291846,20947.495737,89730.946064,300.468639,192.71925,18.884984,2.95274,0.60489,4.82499,10.141498,17.631217,4391.520974,57.117693,2099.568906,3395.872519,8.057256,40.050457,46.380104,15.460273,1741.99982,16.610202,4.732979,63.502283,18.88996,1393.509643,36.850388,10.852335,133.381233,1.674061,0.384985,0.999768,3.7205,3.831968,56.191003,277.95061,3.99115,7391.68123,3.640497,4.606899,108.500787,92.44987,1289.0,3.750581,8.504016,13.514991,600.999918,10.700795,1.349969,1.263997,22.745701,22745.701157,571.500113,35.204979,20697.981008,8.747972,13001.78742,18.890088,36.435018,10.95258,3.5,3.123503,2.37805,32.454098,6.786292,32.033103,2580.000185,39.228109,3878.922727,1.0,37.519121,12624.999971,3627137.313762,36.28861,24795.0,120.588962,2.764057,608.130571,0.040054,0.000448,2.70255,0.755378,604.506089,110.549771,250.350102,18.93665,9001.195129,24.794768,321.999592
2024-03-31,3.672301,71.203074,95.153451,393.926769,1.799843,837.99984,857.125027,1.53076,1.8,1.698585,1.810674,2.016479,109.605147,1.812398,0.376522,2859.232514,1.0,1.347128,6.92589,5.014698,0.998658,1.4015738e-05,83.247327,13.727723,3.26825,19600.0,2.013054,1.352255,2807.502905,0.90204,0.035508,979.769811,7.251245,7.221297,3861.2,502.337638,1.0,26.5,102.083044,23.409298,177.836412,6.910805,59.15845,134.548905,47.426533,15.0,56.753877,0.92657,2.256898,0.792074,0.79134,2.695013,0.792074,13.232421,0.792074,67.90398,8583.992964,7.786881,209.100588,7.82578,24.652132,6.882375,132.407536,365.657496,15855.0,3.69425,0.792074,83.36505,1308.244225,42047.503518,139.259829,0.792074,153.710133,0.7089,151.403017,131.750004,89.470797,4037.402213,456.350244,899.965919,1346.309954,0.30765,0.832292,446.604638,21085.960283,89431.838171,300.05277,192.689175,18.880482,2.95274,0.60489,4.831736,10.080267,17.616998,4362.35708,57.043003,2097.208721,3378.816729,8.050086,40.070263,46.380081,15.450251,1731.055872,16.55795,4.724499,63.509086,18.879482,1304.340285,36.754155,10.848016,133.19539,1.670555,0.384558,0.998658,3.714021,3.821691,56.185006,277.583299,3.983628,7384.159607,3.64099,4.6073,108.455307,92.58502,1284.266074,3.754707,8.475946,13.513028,600.999965,10.679575,1.347765,1.26215,22.69007,22690.070455,571.498382,35.204977,20697.981008,8.738601,13001.855133,18.871453,36.414952,10.925612,3.51,3.130319,2.378049,32.4284,6.784243,31.948992,2565.000073,39.173633,3882.794056,1.0,37.513308,12611.211406,3620576.392711,36.203876,24812.5,119.801763,2.683112,607.283248,0.039739,0.000445,2.70255,0.75434,607.283248,110.949728,250.350435,18.863299,9001.199844,25.000231,321.999592
2024-04-01,3.672304,72.501928,95.302679,391.97016,1.801469,832.63303,861.729829,1.541402,1.8025,1.703821,1.81231,2.018301,109.704172,1.81304,0.378634,2862.0,1.0,1.348357,6.932147,5.055103,0.99956,1.4356262e-05,83.322538,13.740126,3.271203,19600.0,2.014872,1.357435,2859.999511,0.905131,0.035715,985.480204,7.26094,7.230698,3862.81,502.796143,1.0,26.5,103.124956,23.558967,177.719968,6.946805,59.294756,135.303619,47.631553,15.0,56.90203,0.93136,2.256901,0.792056,0.79715,2.695019,0.792056,13.249702,0.792056,67.850328,8594.999739,7.793917,209.289504,7.825445,24.780066,6.882375,132.52839,367.692498,15956.05,3.67757,0.792056,83.441498,1310.0,42035.000215,139.989515,0.792056,153.846867,0.708901,151.587012,131.496482,89.407397,4043.999932,458.601156,900.0,1355.919739,0.30765,0.833044,447.008131,21107.486976,89700.000232,300.323859,192.85067,18.950172,2.95274,0.60489,4.839673,10.082501,17.632914,4384.999836,57.36297,2099.103482,3378.753106,8.057359,40.070353,46.589707,15.449759,1742.999765,16.623801,4.729501,63.520974,18.950232,1306.669591,36.249936,10.96649,133.316345,1.680145,0.386715,0.99956,3.72075,3.827014,56.252021,277.902547,4.00041,7390.830959,3.640968,4.630129,108.553293,92.290105,1289.0,3.75095,8.475946,13.512995,600.497997,10.80469,1.35261,1.254501,22.690067,22690.066806,571.500677,35.091986,20697.981008,8.746496,13001.837094,18.950323,36.6005,10.935483,3.505,3.124502,2.37805,32.267401,6.790372,32.029836,2565.000421,39.209025,3886.302036,1.0,37.5472,12655.000226,3620414.736771,36.203876,24805.0,119.801863,2.683111,607.831909,0.03986,0.000445,2.70255,0.755021,608.999915,111.550196,250.382409,18.953815,9001.196707,25.022818,321.999592
2024-04-02,3.672501,71.503293,95.719384,390.99003,1.802335,832.632986,857.501022,1.535131,1.8005,1.697928,1.820195,2.019181,109.753374,1.817166,0.37684,2861.0,1.0,1.352728,6.910223,5.065902,1.000005,1.526623e-05,83.417792,13.690088,3.2727,19600.0,2.015738,1.356495,2857.999938,0.90788,0.035374,976.070046,7.25622,7.233398,3832.0,501.724066,1.0,26.5,102.649742,23.507503,177.719571,6.92621,59.375008,134.614011,47.155404,15.0,56.837212,0.928665,2.25795,0.797231,0.79514,2.680058,0.797231,13.301917,0.797231,67.874953,8595.625872,7.798082,209.391389,7.828599,24.6859,6.882375,132.583214,366.598967,15967.5,3.715425,0.797231,83.35055,1310.010749,42047.493099,139.590507,0.797231,153.942084,0.708903,151.543015,131.000103,89.349732,4044.000177,458.590431,899.955587,1351.729802,0.30769,0.833411,447.31503,21107.501849,89649.999987,299.385761,192.849715,18.95018,2.95274,0.60489,4.839674,10.080497,17.740427,4357.3958,57.190991,2100.056306,3399.266073,8.06323,39.749561,46.448773,15.450003,1733.930823,16.564901,4.754493,63.501294,18.950449,1309.000538,36.807818,10.83755,133.46828,1.675365,0.384941,1.000005,3.709004,3.829706,56.325976,277.832749,3.985401,7380.211169,3.641027,4.616105,108.784966,92.289681,1285.99947,3.750638,8.475946,13.611511,585.999881,10.74093,1.35143,1.254498,22.847303,22847.302789,571.48613,34.888836,20697.981008,8.750116,13001.857197,18.815263,36.611977,10.950353,3.505,3.133502,2.38425,32.057099,6.792959,32.046502,2581.999569,39.329639,3879.94416,1.0,37.561657,12644.95114,3622552.534434,36.203876,24915.0,120.7358,2.765931,610.479341,0.038229,0.000439,2.70255,0.755239,609.000132,111.549967,250.398566,18.780115,9001.200767,24.77536,321.999592
2024-04-03,3.672525,71.500761,95.013749,389.719986,1.801041,832.632977,857.511101,1.522302,1.80125,1.700277,1.81384,2.017779,109.676193,1.80507,0.376935,2860.0,1.0,1.350967,6.905538,5.040099,0.999383,1.514365e-05,83.38108,13.689585,3.270439,19600.0,2.014347,1.35245,2859.999795,0.90298,0.034606,954.889958,7.24922,7.235399,3813.36,500.897275,1.0,26.5,102.149836,23.36301,177.249891,6.882097,59.402334,134.707793,47.351698,15.0,56.804496,0.922655,2.24825,0.797231,0.79035,2.680098,0.797231,13.349909,0.797231,67.921651,8588.797745,7.784728,209.252827,7.82865,24.668333,6.882375,132.490622,362.306495,15942.0,3.712749,0.797231,83.221499,1310.0,42037.500353,138.679778,0.797231,152.903043,0.708901,151.568974,131.000009,89.350281,4045.000258,454.549836,899.955587,1345.430097,0.30759,0.832819,447.153529,21145.000373,89625.000169,299.508933,192.850116,18.789921,2.95274,0.60489,4.830286,10.092232,17.733118,4347.725281,56.863749,2098.649219,3399.266073,8.060171,39.764996,46.354561,15.460258,1740.000079,16.542104,4.755026,63.509021,18.790148,1319.613194,36.781311,10.717791,133.409691,1.66269,0.384944,0.999383,3.70975,3.8293,56.445501,277.895602,3.96135,7350.697649,3.641505,4.585798,108.090329,92.475011,1288.0,3.750871,8.475946,13.571442,586.000093,10.644975,1.348102,1.258298,22.847303,22847.302789,571.498058,34.906499,20697.981008,8.744604,13001.857197,18.790294,36.620364,10.952873,3.505,3.133503,2.383099,31.950301,6.777555,31.9813,2581.999762,39.127302,3867.323895,1.0,37.847839,12624.911316,3622552.534434,36.19891,25010.0,120.7358,2.765931,608.344887,0.036915,0.000435,2.70255,0.754731,608.344887,111.549855,250.375036,18.672699,9001.198965,24.659059,321.999592
2024-04-04,3.672501,71.497874,94.525035,388.590411,1.801828,837.000243,861.75794,1.518015,1.8025,1.685622,1.800556,2.018652,109.729152,1.803546,0.376984,2861.0,1.0,1.346492,6.908806,5.058896,0.999797,1.4589379e-05,83.43332,13.593011,3.271897,19600.0,2.015227,1.35448,2857.497835,0.90158,0.034096,940.796617,7.249645,7.234897,3770.0,508.953644,1.0,26.5,101.950035,23.365699,177.719436,6.883202,59.424996,134.598999,47.356012,15.0,56.650003,0.922802,2.245197,0.797231,0.791149,2.680176,0.797231,13.358051,0.797231,67.925063,8594.02331,7.788406,209.354141,7.82925,24.801678,6.882375,132.523798,361.98005,15912.15,3.71032,0.797231,83.47805,1310.0,42074.999893,138.890131,0.797231,154.018946,0.708903,151.297016,130.000157,89.349516,4043.000113,454.549952,899.955587,1351.815002,0.30751,0.833165,446.180332,21144.999924,89624.999577,299.451308,192.849843,18.660283,2.95274,0.60489,4.849608,10.062501,17.710798,4355.000638,56.848272,2099.482609,3399.266073,8.061276,39.698106,46.312914,15.449801,1741.000521,16.57529,4.739498,63.506089,18.660305,1319.604301,36.750343,10.73278,133.483701,1.65913,0.38496,0.999788,3.689803,3.780501,56.679794,277.897323,3.959309,7365.84333,3.641599,4.585198,108.091964,92.475026,1289.0,3.750923,8.475185,13.429606,585.999824,10.64866,1.348535,1.258304,22.847303,22847.302789,571.498858,34.845037,20697.981008,8.747767,13001.857197,18.659981,36.710501,10.929914,3.505,3.133502,2.376297,31.96578,6.775307,32.057988,2575.00008,38.999466,3850.048793,1.0,37.865257,12687.49754,3622552.534434,36.203566,24950.0,120.7358,2.765931,603.884076,0.037284,0.000437,2.70255,0.755096,607.999769,111.549989,250.374995,18.698097,9001.187314,24.721263,321.999592
2024-04-05,3.672504,71.229089,94.428315,388.036315,1.799714,837.000367,860.558551,1.51955,1.8,1.70397,1.802664,2.016314,109.599521,1.80571,0.376984,2859.394442,1.0,1.345961,6.91011,5.066204,0.998571,1.4731929e-05,83.172128,13.586801,3.268077,19600.0,2.012904,1.35905,2805.000362,0.901704,0.034409,949.450396,7.247605,7.232904,3769.01,508.318356,1.0,26.5,102.303894,23.360304,177.83308,6.882404,59.136366,134.74504,47.325499,15.0,56.60565,0.92185,2.24725,0.797231,0.791202,2.680391,0.797231,13.403856,0.797231,67.92504,8581.962302,7.77916,209.379918,7.82995,24.649062,6.882375,132.402415,360.077504,15887.75,3.76302,0.797231,83.29705,1308.170883,42075.000352,138.680386,0.797231,154.311259,0.708904,151.60504,129.821651,89.335604,4034.287294,454.650384,899.955587,1351.265039,0.30753,0.832204,446.057422,21122.632379,89426.14867,298.612839,192.850382,18.670381,2.95274,0.60489,4.828794,10.06038,17.625697,4401.124476,56.872038,2097.055164,3399.266073,8.052629,39.720379,46.330378,15.460378,1731.508364,16.453604,4.747504,63.503729,18.670377,1247.750377,36.757454,10.730504,133.075257,1.662511,0.38495,0.999922,3.683303,3.827826,56.590375,277.540716,3.949986,7359.786165,3.641038,4.584404,108.127038,92.580373,1285.036177,3.751027,8.475185,13.526038,586.000339,10.676985,1.349404,1.26345,22.847303,22847.302789,571.503662,34.893038,20697.981008,8.73773,13001.857197,18.571363,36.520369,10.944836,3.5,3.121504,2.373504,32.071504,6.758837,32.126204,2576.432094,38.781787,3832.078894,1.0,38.213743,12662.33467,3622552.534434,36.165265,24965.0,120.7358,2.765931,604.596525,0.036437,0.00043,2.70255,0.754228,604.596525,110.575037,250.450363,18.72965,9001.203587,24.590995,321.999592
2024-04-07,3.672497,71.291513,94.51107,388.376384,1.801292,837.000256,862.092113,1.52209,1.8,1.660081,1.804244,2.018081,109.695572,1.804244,0.376845,2861.900369,1.0,1.34714,6.906827,5.056401,0.999446,1.441148e-05,83.245018,13.598708,3.270941,19600.0,2.014668,1.360475,2805.000155,0.90323,0.034089,940.618081,7.251993,7.232403,3775.09,508.763838,1.0,26.5,101.72048,23.358006,177.98893,6.886497,59.188192,134.745011,47.408085,15.0,56.655258,0.92334,2.24725,0.797231,0.792101,2.680028,0.797231,13.392989,0.797231,67.925041,8589.483395,7.785978,209.280443,7.828895,24.670664,6.882375,132.51845,359.80804,15888.0,3.763395,0.797231,83.29705,1309.317343,42075.000077,138.770215,0.797231,154.446494,0.708899,151.695998,129.939803,89.335601,4037.822878,454.650202,899.955587,1351.270491,0.30753,0.832934,446.448339,21141.143911,89504.520295,298.874539,192.849899,18.669792,2.95274,0.60489,4.833026,10.07703,17.641144,4404.98155,56.845018,2098.892989,3399.266073,8.059686,39.719979,46.330153,15.459854,1733.02583,16.466976,4.747495,63.505782,18.670103,1247.75009,36.789668,10.753902,133.191882,1.665575,0.38495,0.999446,3.686531,3.831181,56.509896,277.783948,3.953925,7366.236162,3.640964,4.5861,108.074815,92.579668,1286.162362,3.751027,8.475185,13.526034,585.999879,10.650905,1.349299,1.26345,22.847303,22847.302789,571.498844,34.893012,20697.981008,8.745387,13001.857197,18.587638,36.670207,10.954428,3.5,3.121501,2.373504,32.012595,6.76476,32.126199,2578.690251,38.815775,3830.258303,1.0,38.247232,12673.431734,3622552.534434,36.165265,24965.0,120.7358,2.765931,605.126384,0.036804,0.000433,2.70255,0.754889,605.126384,110.574969,250.449943,18.717115,9001.201616,24.612546,321.999592
2024-04-08,3.6725,71.140859,94.050224,387.423468,1.797441,837.999493,864.250097,1.514039,1.8025,1.698368,1.80068,2.013709,109.460523,1.799193,0.376961,2856.774586,1.0,1.34548,6.906044,5.025402,0.997279,1.3978737e-05,83.079487,13.568966,3.263807,19600.0,2.010302,1.35711,2790.000398,0.90507,0.034291,946.200128,7.243011,7.230698,3773.1,507.478214,1.0,26.5,101.519127,23.334699,177.598961,6.866805,59.024725,134.504566,47.554602,15.0,56.714189,0.920602,2.269701,0.797231,0.79006,2.680073,0.797231,13.363716,0.797231,67.925007,8570.59996,7.768724,208.654422,7.831825,24.617113,6.882375,132.393627,358.940245,15925.0,3.683405,0.797231,83.26985,1306.443371,42074.999777,138.380046,0.797231,154.17689,0.708898,151.845012,127.160057,89.167903,4030.732262,453.599887,899.955587,1354.740422,0.30744,0.831097,444.430123,21105.643301,89326.845616,298.207899,192.9997,18.650078,2.95274,0.60489,4.822516,9.99687,17.632842,4359.414632,56.728153,2094.360381,3399.266073,8.045427,39.669992,46.149371,15.450213,1729.219126,16.329297,4.752501,63.499859,18.6497,1241.629841,36.707468,10.678505,132.927621,1.657319,0.384942,0.997289,3.670965,3.78215,56.539501,277.502566,3.922006,7345.176333,3.640993,4.573697,107.823662,92.635,1284.070874,3.750788,8.475185,13.508911,586.000278,10.558299,1.347385,1.263451,22.847303,22847.302789,571.497889,34.895499,20697.981008,8.726195,13001.857197,18.504725,36.712498,10.91567,3.51,3.1175,2.374102,32.1615,6.75318,32.087801,2573.29755,38.885794,3807.024812,1.0,38.15311,12651.16536,3622552.534434,36.141832,24962.5,120.7358,2.765931,603.925775,0.035866,0.000428,2.70255,0.752195,603.925775,110.398917,250.357375,18.639898,9001.258863,24.55911,321.999592
2024-04-09,3.672498,71.999669,93.75028,389.60966,1.802215,837.498823,864.746056,1.508751,1.8,1.702353,1.799314,2.019026,109.763839,1.801345,0.376959,2871.0,1.0,1.345796,6.910225,5.009101,0.999945,1.445413e-05,83.116823,13.558917,3.27243,19600.0,2.015659,1.35755,2791.999699,0.903102,0.034124,941.59006,7.238895,7.231698,3767.0,508.307726,1.0,26.5,101.849645,23.4065,177.719822,6.869095,59.42504,134.588149,47.551897,15.0,57.0002,0.92093,2.238201,0.797231,0.78883,2.67948,0.797231,13.409977,0.797231,67.901879,8593.613439,7.787918,209.422783,7.830499,24.709427,6.882375,132.592415,359.504986,15899.0,3.697535,0.797231,83.22425,1310.0,42062.499217,138.790218,0.797231,154.902755,0.708903,151.778972,129.999884,89.119736,4046.000192,453.624984,899.955587,1350.802199,0.30743,0.833333,446.75977,21164.999906,89574.9999,298.658644,193.050113,18.650046,2.952739,0.60489,4.835002,10.0275,17.639428,4347.999913,56.685176,2099.931919,3399.266073,8.065947,39.674986,46.14977,15.450541,1739.999773,16.385798,4.748034,63.496241,18.649937,1248.590045,36.801488,10.67382,132.987101,1.64893,0.384935,0.999963,3.678997,3.818024,56.339792,277.950009,3.930139,7368.392,3.64125,4.575599,107.867993,92.902368,1293.0,3.750633,8.489576,13.593208,585.999937,10.552235,1.344799,1.26345,22.847303,22847.302789,571.497604,34.750951,20697.981008,8.749172,13001.857197,18.565009,36.330019,10.949529,3.5,3.117975,2.37095,32.243201,6.782343,31.979902,2580.000146,38.91512,3793.147862,1.0,38.529122,12687.498449,3622552.534434,36.135702,24955.0,120.7358,2.765931,603.489613,0.035491,0.000425,2.70255,0.754125,603.503814,112.375018,250.375045,18.45616,9001.20116,24.774137,321.999592
2024-04-10,3.672499,72.000412,93.750115,389.464475,1.804157,837.497209,865.310496,1.536795,1.8025,1.699436,1.80117,2.021276,109.877055,1.82123,0.376897,2869.0,1.0,1.347216,6.917162,5.067703,1.001059,1.4189539e-05,83.200258,13.57359,3.276076,19600.0,2.017868,1.36895,2792.000568,0.913104,0.034356,947.989629,7.263805,7.2325,3804.0,508.855467,1.0,26.5,101.849854,23.685402,177.720198,6.94468,59.449909,134.634024,47.546597,15.0,56.999836,0.930985,2.25945,0.797231,0.79765,2.67974,0.797231,13.409622,0.797231,67.896617,8602.913073,7.795736,209.633006,7.83535,24.710008,6.882375,132.73346,364.273004,16001.6,3.736805,0.797231,83.41295,1310.0,42062.495715,139.929976,0.797231,155.069674,0.708898,152.970502,130.000209,89.120003,4046.00005,453.625022,899.955587,1364.14497,0.30752,0.834185,447.216466,21165.000276,89575.000191,298.992857,193.049587,18.47989,2.95274,0.60489,4.835031,10.027501,17.658761,4348.000321,57.282335,2102.233479,3399.266073,8.074043,39.675012,46.110195,15.449939,1740.000314,16.467502,4.74799,63.498032,18.479801,1239.86015,36.798337,10.84133,133.130405,1.673905,0.384939,1.000967,3.679006,3.817981,56.575505,277.950088,3.972255,7376.467879,3.64125,4.625902,109.031987,92.89788,1293.0,3.751012,8.489576,13.467249,586.000211,10.725499,1.354025,1.26345,22.847303,22847.302789,571.453315,34.750978,20697.981008,8.758116,13001.857197,18.479982,36.73702,10.960722,3.5,3.11802,2.367903,32.291038,6.789151,32.192504,2579.999704,38.957054,3797.025372,1.0,38.568863,12687.500398,3622552.534434,36.135702,24945.0,120.7358,2.765931,604.139919,0.035831,0.000428,2.70255,0.754938,603.504632,112.374995,250.374971,18.792399,9001.198376,24.801289,321.999592
2024-04-11,3.672495,71.143004,94.573687,391.460335,1.802371,832.647013,865.765197,1.52899,1.8025,1.700677,1.822655,2.019011,109.743255,1.823198,0.376899,2863.892642,1.0,1.353339,6.935344,5.091901,0.999953,1.4276383e-05,83.377916,13.716975,3.272448,19600.0,2.015563,1.368755,2792.00006,0.90989,0.034623,955.359826,7.25482,7.236905,3824.0,508.430344,1.0,26.5,102.758492,23.6514,177.719826,6.954235,59.222392,134.828067,47.549299,15.0,56.736634,0.932275,2.25435,0.797231,0.79654,2.679801,0.797231,13.451143,0.797231,67.901861,8595.126043,7.788092,209.400514,7.83785,24.683845,6.882375,132.640604,363.334975,16014.0,3.75582,0.797231,83.34955,1309.911001,42062.507442,140.31002,0.797231,154.999021,0.708797,153.194502,129.989592,89.120254,4039.886305,453.624967,899.955587,1368.624999,0.30777,0.833326,447.966078,21250.279621,89562.486019,298.504264,193.049839,18.479973,2.95274,0.60489,4.833885,10.05238,17.661149,4377.936023,57.385646,2100.176156,3399.266073,8.070612,39.675009,46.119786,15.449882,1733.493644,16.441101,4.747985,63.500752,18.47985,1242.289997,36.80164,10.82378,133.403236,1.666485,0.384942,0.999953,3.718672,3.83626,56.484497,277.987548,3.974027,7382.75989,3.64125,4.634801,109.174898,92.897447,1287.619651,3.751148,8.489576,13.625071,585.999921,10.726635,1.35285,1.26345,22.847303,22847.302789,571.500075,34.824054,20697.981008,8.749825,13001.857197,18.81273,36.433013,10.945746,3.5,3.118027,2.38025,32.423198,6.789013,32.239502,2580.00032,39.212982,3809.701319,1.0,38.507059,12663.901962,3622552.534434,36.135702,24990.0,120.7358,2.765931,611.301431,0.035115,0.000421,2.70255,0.754112,611.301431,112.375001,250.37501,18.7188,9001.19801,24.97763,321.999592
2024-04-12,3.67245,72.000368,95.203989,393.840403,1.801301,836.503981,864.256922,1.541307,1.8,1.70397,1.836001,2.018043,109.69256,1.837805,0.376995,2870.0,1.0,1.359075,6.931901,5.118504,0.999521,1.4840707e-05,83.348198,13.719784,3.270998,19600.0,2.014692,1.37755,2790.000362,0.914265,0.034939,964.070396,7.267255,7.237041,3859.14,507.965416,1.0,26.5,101.850394,23.801404,177.720393,7.010204,59.43504,134.682005,47.435933,15.0,56.990392,0.93715,2.280504,0.797231,0.80285,2.670391,0.797231,13.45039,0.797231,67.82504,8591.410467,7.784454,209.28617,7.83735,24.88504,6.882375,132.518471,369.130388,16117.8,3.77021,0.797231,83.61135,1310.0,42075.000352,141.590386,0.797231,154.911992,0.708804,153.27504,130.000351,89.120384,4044.00035,462.850384,899.955587,1380.603789,0.30791,0.83295,448.965032,21262.503779,89600.000349,298.361887,193.000348,18.480381,2.95274,0.60489,4.830381,10.022504,17.641426,4365.000347,57.676271,2098.850035,3399.266073,8.068344,39.675039,46.409338,15.445039,1741.000345,16.643039,4.770377,63.503729,18.903727,1200.503725,36.750377,10.93367,133.355864,1.682652,0.384949,0.999507,3.70575,3.835039,56.573504,277.950374,4.029986,7392.873739,3.64075,4.673304,110.051215,93.325038,1294.5,3.751204,8.475185,13.409764,586.000339,10.875804,1.361104,1.26345,22.847303,22847.302789,571.503662,34.852504,20697.981008,8.745365,13001.857197,18.903651,36.660369,10.934497,3.5,3.112504,2.37855,32.362604,6.790083,32.303038,2580.000335,39.418165,3799.108191,1.0,38.657592,12685.000334,3622552.534434,36.237127,25037.5,120.7358,2.765931,615.80064,0.035763,0.000427,2.70255,0.753842,613.503595,112.450363,250.325037,18.82029,9001.203587,24.962684,321.999592
2024-04-14,3.67231,71.182947,94.851253,395.408761,1.797892,836.49739,865.674787,1.54428,1.8,1.697423,1.83256,2.014242,109.486999,1.836988,0.376013,2857.624736,1.0,1.356477,6.918716,5.1186,0.997611,1.5166586e-05,83.1881,13.694074,3.264746,19600.0,2.010869,1.37605,2790.000095,0.91384,0.034959,964.63019,7.264405,7.236601,3814.85,507.003982,1.0,26.5,103.316936,23.805797,177.643476,7.006102,59.030218,134.680997,47.542801,15.0,56.74781,0.939099,2.26815,0.802762,0.80248,2.670281,0.802762,13.417662,0.802762,67.825004,8575.310377,7.769501,208.892012,7.837815,24.626845,7.08016,132.265167,368.739971,16118.0,3.77379,0.802762,83.61135,1306.816585,42075.000455,141.540209,0.802762,154.621691,0.708797,153.289502,127.202223,89.119742,4034.668541,462.849861,900.00035,1380.61008,0.30791,0.831389,448.123682,21207.776997,89335.019911,297.802764,193.000124,18.479776,2.95274,0.60489,4.821738,10.030827,17.607871,4397.282736,57.671586,2094.916842,3450.000346,8.052846,39.674991,46.41009,15.445021,1729.210588,16.615495,4.769808,63.498872,18.900883,1200.496338,36.720543,10.868699,133.10096,1.682075,0.384071,0.997611,3.683673,3.826657,56.616025,277.3026,4.024212,7378.777231,3.64075,4.6702,109.72818,93.325027,1285.172171,3.7513,8.475185,14.545795,585.999807,10.861027,1.360302,1.26345,22.847303,20969.503664,571.50148,34.852496,20697.981008,8.728976,2512.53037,18.753807,36.630077,10.91375,3.5,3.112501,2.37855,32.401899,6.777231,32.268971,2573.811026,39.344296,3791.988756,1.0,38.585149,12633.403607,3622552.534434,36.237127,25037.5,118.722038,2.803608,614.623565,0.03544,0.000423,2.70255,0.752401,614.623565,112.449952,250.325018,18.855701,9001.19681,24.915437,321.999592
2024-04-15,3.6725,71.999838,95.201353,395.760311,1.801369,832.824047,868.249953,1.552277,1.8025,1.699549,1.834193,2.0181,109.697083,1.84095,0.37686,2868.0,1.0,1.36003,6.906803,5.185203,0.999531,1.5753527e-05,83.390884,13.785989,3.271031,19600.0,2.014724,1.37868,2790.000104,0.911802,0.035255,972.797384,7.261095,7.238037,3886.0,500.609585,1.0,26.5,103.874994,23.810899,177.719876,7.02109,59.435022,134.817979,48.256499,15.0,56.849873,0.941135,2.273294,0.802762,0.80341,2.669912,0.802762,13.449799,0.802762,67.824979,8590.452968,7.782915,209.101906,7.829395,24.750204,7.08016,132.533058,370.9555,16082.0,3.754956,0.802762,83.50625,1310.0,42075.000257,141.640407,0.802762,154.853231,0.708899,154.209502,130.999994,89.119741,4044.000189,462.849807,900.00035,1388.34498,0.30796,0.832974,448.20407,21262.488904,89599.999763,298.959017,192.999632,18.902126,2.95274,0.60489,4.830283,10.08265,17.621021,4364.999871,57.989497,2098.940261,3450.000346,8.059962,39.675033,47.748328,15.444957,1741.000125,16.709398,4.778972,63.487314,18.897809,1152.999747,36.74986,10.934397,133.425865,1.69427,0.384951,0.999531,3.70575,3.835002,56.99501,277.950552,4.051933,7404.107662,3.64075,4.682404,110.206041,93.324989,1294.5,3.750956,8.475185,13.613073,585.999872,10.881397,1.363055,1.26345,22.847303,20969.503664,571.494437,34.848999,20697.981008,8.746131,2512.53037,18.897543,36.770051,10.909594,3.5,3.1125,2.38655,32.42804,6.790772,32.403794,2580.000402,39.558098,3801.931914,1.0,38.788333,12684.999933,3622552.534434,36.237127,25195.0,118.722038,2.803608,615.171153,0.034618,0.00042,2.70255,0.759449,613.50327,112.449742,250.325013,18.982403,9001.201294,25.061425,321.999592
2024-04-16,3.672502,72.212319,95.150069,395.239784,1.801387,837.497174,868.770498,1.559385,1.8,1.699877,1.839688,2.018126,109.696505,1.842175,0.376849,2869.0,1.0,1.364199,6.931452,5.287299,0.999516,1.5648359e-05,83.574368,13.815062,3.271048,19600.0,2.01474,1.381995,2789.999356,0.91251,0.035533,980.460227,7.264105,7.237197,3923.25,500.599647,1.0,26.5,102.24981,23.709398,177.719955,7.0251,59.475021,134.789402,48.500603,15.0,57.04968,0.941502,2.278018,0.802762,0.80451,2.660131,0.802762,13.449558,0.802762,67.92498,8592.500226,7.77425,209.279248,7.832045,24.724996,7.08016,132.53505,372.139961,16337.05,3.756915,0.802762,83.66535,1310.0,42062.501218,142.020082,0.802762,155.270126,0.708702,154.710501,131.999774,89.106098,4045.000257,463.599761,900.00035,1390.880409,0.30808,0.83293,448.643844,21280.000067,89649.999987,300.071018,193.303298,19.060011,2.95274,0.60489,4.849634,10.179763,17.791887,4364.999856,58.025813,2099.020332,3450.000346,8.063116,39.674967,46.703633,15.449777,1739.999871,17.03865,4.776967,63.497519,19.040537,1140.999965,36.675015,10.980815,133.718989,1.697289,0.384903,0.999516,3.760037,3.786497,56.995026,278.449761,4.112895,7401.763668,3.640502,4.684302,110.281988,94.150069,1294.0,3.751142,8.554946,14.451194,585.999942,10.951015,1.36472,1.26345,22.847303,20969.503664,571.502639,34.784499,20697.981008,8.745996,2512.53037,19.040015,36.633018,10.929853,3.505,3.162969,2.390503,32.513535,6.784715,32.507797,2589.999845,39.558091,3833.075443,1.0,38.885727,12675.000268,3622552.534434,36.243564,25290.0,118.722038,2.803608,617.014152,0.035489,0.00042,2.70255,0.759466,617.493331,111.574989,250.350019,19.03165,9001.202977,25.062904,321.999592
2024-04-17,3.672499,71.631438,95.179988,395.097576,1.797381,837.490979,869.255103,1.552925,1.8,1.691994,1.836854,2.013648,109.668421,1.83254,0.376856,2857.437455,1.0,1.359167,6.919837,5.234103,0.997254,1.629762e-05,83.437693,13.783827,3.26325,19600.0,2.010274,1.37724,2789.999401,0.910598,0.035477,978.930212,7.244815,7.238397,3892.15,499.695365,1.0,26.5,103.559035,23.676298,177.591556,6.992983,58.949243,134.769467,48.506897,15.0,56.74331,0.937285,2.2728,0.802762,0.803021,2.659902,0.802762,13.439585,0.802762,67.950238,8573.06225,7.771668,209.210483,7.83022,24.709727,7.08016,132.186009,368.380265,16253.0,3.788405,0.802762,83.59605,1306.393708,42062.499222,141.530182,0.802762,155.057507,0.708703,154.347033,132.502453,89.005102,4033.444879,463.595795,900.00035,1379.975002,0.308101,0.83106,447.831426,21217.063637,89307.005868,301.172633,193.296166,19.097497,2.95274,0.60489,4.866755,10.142332,17.821188,4375.579989,57.733301,2094.241819,3450.000346,8.059525,39.674975,46.549874,15.449713,1728.672797,16.971303,4.792974,63.498853,19.020269,1140.639724,36.706879,11.0063,133.496743,1.691345,0.384959,0.999202,3.759609,3.78625,57.307035,277.616959,4.066102,7380.814008,3.6405,4.663401,109.7813,94.150276,1285.490659,3.751042,8.475185,13.514717,585.999711,10.94411,1.36034,1.26345,22.847303,20969.503664,571.508232,34.775501,20697.981008,8.725851,2512.53037,18.978656,36.779598,10.916399,3.505,3.162988,2.39395,32.476199,6.771463,32.352964,2577.917756,39.433649,3812.144578,1.0,38.872792,12680.00001,3622552.534434,36.243564,25405.0,118.722038,2.803608,614.865536,0.035421,0.000422,2.70255,0.757759,614.865536,111.575,250.350277,18.995897,9001.199844,25.206689,321.999592
2024-04-18,3.672725,72.000107,95.110057,394.069736,1.801845,837.503789,869.880802,1.556529,1.8025,1.693572,1.831839,2.018636,109.743647,1.835847,0.37699,2871.0,1.0,1.360022,6.934727,5.2432,0.999766,1.5736159e-05,83.526839,13.809056,3.271808,19600.0,2.015171,1.37696,2805.999944,0.912304,0.035016,966.18992,7.25107,7.237705,3928.4,500.997499,1.0,26.5,103.950227,23.752981,177.720295,7.00963,59.425005,134.474075,48.335635,15.0,57.104424,0.939515,2.27535,0.802762,0.80411,2.660257,0.802762,13.449552,0.802762,67.924988,8741.999745,7.776373,209.324979,7.83155,24.709943,7.08016,132.471789,370.491499,16227.75,3.793555,0.802762,83.54525,1310.0,42069.999984,141.22027,0.802762,155.32144,0.708797,154.611971,132.999969,89.006499,4045.000267,462.607442,900.00035,1380.71007,0.30837,0.833169,447.141907,21266.49876,89600.000043,301.2354,193.097171,19.144987,2.95274,0.60489,4.860298,10.131498,17.898789,4366.000082,57.888704,2099.45217,3450.000346,8.065882,39.675018,46.512939,15.460315,1741.000035,17.077597,4.784997,63.520974,19.149787,1150.269657,36.950056,11.05786,133.620827,1.69407,0.384958,0.999766,3.745986,3.746405,57.279,278.512855,4.076106,7397.106335,3.640502,4.674702,110.038964,94.150071,1297.5,3.751163,8.464922,13.635104,585.999966,10.976205,1.36204,1.26345,22.847303,20969.503664,571.506901,34.574499,20697.981008,8.748958,2512.53037,19.149547,36.837015,10.937304,3.5,3.144501,2.389897,32.568299,6.786741,32.430905,2583.00012,39.635436,3808.587348,1.0,38.718197,12715.000118,3622552.534434,36.296697,25405.0,118.722038,2.803608,614.278223,0.035411,0.00042,2.70255,0.759657,613.495264,112.549704,250.29862,19.16835,9001.20436,25.573445,321.999592
2024-04-19,3.672604,72.000368,94.920403,392.603986,1.802376,837.000367,870.10693,1.558604,1.8,1.70397,1.837053,2.019274,109.75541,1.83609,0.376978,2869.0,1.0,1.362326,6.925281,5.203504,1.000047,1.5639712e-05,83.474431,13.890141,3.272813,19600.0,2.015874,1.37995,2805.000362,0.910502,0.034618,955.210396,7.250905,7.239804,3908.87,502.237856,1.0,26.5,103.87504,23.699504,177.720393,7.001804,59.37504,134.595155,48.267654,15.0,57.120392,0.937504,2.27695,0.802762,0.808507,2.66504,0.802762,13.45039,0.802762,67.903851,8600.000355,7.778143,209.233081,7.83135,24.750388,7.08016,132.663317,369.930388,16218.25,3.761104,0.802762,83.37045,1310.0,42062.503816,141.250386,0.802762,155.863429,0.708704,154.62504,133.503801,89.016504,4064.00035,462.575039,900.00035,1374.495039,0.30837,0.833427,446.231156,21323.000349,89565.054192,302.045762,193.203772,19.150381,2.95274,0.60489,4.860381,10.149039,17.911051,4405.000347,57.81297,2100.146528,3450.000346,8.068473,39.703743,46.530378,15.450378,1740.000345,17.100504,4.784039,63.503729,19.150377,1151.000344,36.960377,11.017904,133.571596,1.69837,0.38495,1.000047,3.740375,3.80045,57.573038,278.650374,4.04465,7398.675621,3.640504,4.669404,109.806403,93.903687,1297.5,3.751402,8.440171,13.624484,586.000339,10.91365,1.361304,1.26345,22.847303,20969.503664,571.503662,34.527038,20697.981008,8.750376,2512.53037,19.110369,36.810369,10.925904,3.51,3.151038,2.39165,32.485604,6.79106,32.536038,2591.503631,39.817497,3810.677788,1.0,38.397956,12705.000334,3622552.534434,36.296673,25445.0,118.722038,2.803608,616.124548,0.034869,0.000418,2.70255,0.759404,615.503595,112.450363,250.350363,19.29482,9001.203587,25.676983,321.999592
