,Price Weighted Index,Mkt Cap Weighted Index,SPX,RU2000
2022-01-04,1.0,1.0,1.0,1.0
2022-01-05,0.9796361241244895,0.9615812257458826,0.9806072422093128,0.9670011444814174
2022-01-06,0.9810766547652293,0.9671254187188325,0.9796621633322027,0.972453249074709
2022-01-07,0.9772860882573633,0.9547835603658382,0.97569431923864,0.9607469559764182
2022-01-09,0.9784130967130713,0.9592320054876766,0.97569431923864,0.9607469559764182
2022-01-10,0.973008607325966,0.9443382026634468,0.9742883132307987,0.9569300093013327
2022-01-11,0.9850740543043388,0.9720132178782642,0.9832127792428978,0.9670011444814174
2022-01-12,0.9745005731503379,0.9628842268388337,0.9859832314200528,0.9590941509209008
2022-01-13,0.9634568619454733,0.9406216805939079,0.9719392655928338,0.9517688672646895
2022-01-14,0.960538152304348,0.9364359908687848,0.972736236614014,0.9530999348777591
2022-01-16,0.9593260492490437,0.9321850929165099,0.972736236614014,0.9530999348777591
2022-01-17,0.9569833311743888,0.9268211157111926,0.972736236614014,0.9530999348777591
2022-01-18,0.9346607891649857,0.89749256215972,0.9548496155205625,0.9239092024656064
2022-01-19,0.9194600706960088,0.9040555317489669,0.9455975601930088,0.9091662028912898
2022-01-20,0.9278291765692848,0.9168379717152382,0.9351606420180154,0.8920916291019372
2022-01-21,0.919931960449578,0.9119800734925215,0.9174722450563655,0.8761718129592829
2022-01-23,0.913225627119734,0.9073479666893034,0.9174722450563655,0.8761718129592829
2022-01-24,0.9226760695286845,0.9124642162427479,0.9200152386074602,0.8962654998895978
2022-01-25,0.9204534784784485,0.9134988908406576,0.9088168993712037,0.8832722570215161
2022-01-26,0.9117118917904664,0.915878987789578,0.9074567314205622,0.871120804124093
2022-01-27,0.9026177175353832,0.9025393857103612,0.9025709038348119,0.8512122507288052
2022-01-28,0.908385979489622,0.9042790750664226,0.9245463814928335,0.8676168789272951
2022-01-30,0.9091940228177793,0.9081861638350186,0.9245463814928335,0.8676168789272951
2022-01-31,0.9530290962416796,0.9471797759747171,0.942007319828423,0.8940352891096073
2022-02-01,0.9668851349840832,0.9631084837367107,0.9484723194158805,0.9038595795763223
2022-02-02,0.9553735633166527,0.9386404715274814,0.9574093144969477,0.8945069196147071
2022-02-03,0.9483669910415686,0.9195981975467846,0.9340570653253433,0.8775425328290556
2022-02-04,0.9489756785941312,0.9151545546004981,0.9388739321005952,0.8825361884679831
2022-02-06,0.9482997516833842,0.9152396112643717,0.9388739321005952,0.8825361884679831
2022-02-07,0.9561000631361335,0.9154127917897503,0.9353984906037076,0.887049443835403
2022-02-08,0.9671875759469141,0.9265896830875504,0.9432569671300385,0.9014927648889113
2022-02-09,0.9838822204734471,0.9537822533775536,0.9569504246132032,0.9182984888455028
2022-02-10,0.9733544251690776,0.9444315442315709,0.9396145732425943,0.9040446593091017
2022-02-11,0.9658434986079102,0.9287516737888926,0.9217905974939825,0.8947845930161239
2022-02-13,0.9597526158945542,0.9207037257239855,0.9217905974939825,0.8947845930161239
2022-02-14,0.9630343864117771,0.9111740524666372,0.9182503715429192,0.8906591980538221
2022-02-15,0.9621458184546291,0.9380111126193345,0.9327281691159468,0.9151956056045586
2022-02-16,0.9564343927644402,0.9378012173701452,0.9335500964127137,0.9164517804885502
2022-02-17,0.9348727340961674,0.9166818016705415,0.9137839112493723,0.8938766262805473
2022-02-18,0.9247949681509612,0.8975066839501665,0.9072355882601605,0.8856081892186322
2022-02-20,0.9202223940835973,0.896748089366368,0.9072355882601605,0.8856081892186322
2022-02-21,0.9172300744415122,0.8809606481050987,0.9072355882601605,0.8856081892186322
2022-02-22,0.9056049439349771,0.8805682539940505,0.8980335473461293,0.8727560158445468
2022-02-23,0.8651078733490325,0.8622629426687425,0.8814988433530233,0.8568537930369561
2022-02-24,0.8705748464005064,0.8716250893188234,0.8946832946765718,0.8797374493344231
2022-02-25,0.8702069686752255,0.8675006846898545,0.9146997556322239,0.8995358695282576
2022-02-27,0.8687055192812798,0.8692769496239496,0.9146997556322239,0.8995358695282576
2022-02-28,0.8703540353684422,0.8750971086107905,0.9124655068619572,0.9026916403788884
2022-03-01,0.8542363015329975,0.8625313630390029,0.8983464684832798,0.8852467995194814
2022-03-02,0.8697237649630994,0.8579587152871745,0.9150940647864915,0.9074429168910221
2022-03-03,0.8322574291392946,0.844554163985647,0.9102855507238848,0.8957806878337622
2022-03-04,0.8169898812930427,0.8164255925151601,0.9030633064314869,0.8818927135830876
2022-03-06,0.7891903129930913,0.7997559086123227,0.9030633064314869,0.8818927135830876
2022-03-07,0.7693090811885591,0.7651283132432602,0.8764065407851753,0.860044804359962
2022-03-08,0.7961364346255585,0.7875627636299192,0.8700668318873973,0.8651927648458695
2022-03-09,0.8198648737328716,0.8332006769726922,0.8924260250153557,0.8886758319872011
2022-03-10,0.8080335196137701,0.8029874957701443,0.8885958988180912,0.8866395783108935
2022-03-11,0.7989613206629131,0.7843809222684214,0.8770783229790255,0.8725356418371445
2022-03-13,0.795775683075303,0.7778736196330112,0.8770783229790255,0.8725356418371445
2022-03-14,0.7869803487097452,0.753138317951109,0.8705695225813549,0.855809222393959
2022-03-15,0.8075694836335274,0.7757323965358962,0.8892071747764376,0.8678196057973859
2022-03-16,0.8423405895778365,0.8214384722940384,0.9091109759737277,0.8950357957115734
2022-03-17,0.8589052184507037,0.8469633457479568,0.920336512457256,0.9101534741402724
2022-03-18,0.8690359688397201,0.8627299900193763,0.9310697482064587,0.9194620162586089
2022-03-20,0.8645346722207761,0.8646003670676383,0.9310697482064587,0.9194620162586089
2022-03-21,0.8531813201916292,0.8582177069582718,0.9306650490925593,0.910558927880454
2022-03-22,0.8650860970057228,0.8828632530106677,0.9411853925316562,0.9204317479747758
2022-03-23,0.8690068318047207,0.8989970761204429,0.9296345077043587,0.9045074662455457
2022-03-24,0.8731658504883034,0.9112412764989414,0.9429691041308238,0.9147460340210982
2022-03-25,0.8699351307846132,0.9122597066899237,0.9477463464521853,0.9158655511954213
2022-03-27,0.8699955108008044,0.9119890125114749,0.9477463464521853,0.9158655511954213
2022-03-28,0.8698110080366878,0.9159234648858352,0.9545179517111346,0.9159008454700445
2022-03-29,0.895042523431667,0.951732069104544,0.9662170462567115,0.940159633421612
2022-03-30,0.9021664184328131,0.9376956090378487,0.9601359658638895,0.9216349814468329
2022-03-31,0.9025958573975139,0.9359410393218923,0.9451073985680191,0.9124056362374066
2022-04-01,0.9089339016883938,0.9608581414022558,0.9483304251632598,0.9216526285841443
2022-04-03,0.9166551412095034,0.9618293625224189,0.9483304251632598,0.9216526285841443
2022-04-04,0.923641075019809,0.9741007576728833,0.9560033084891063,0.9235609943171914
2022-04-05,0.899556668365136,0.9530078107744425,0.9440038218753469,0.9017880854276397
2022-04-06,0.8859699877217274,0.918591568265422,0.9348310154555742,0.8889622751550258
2022-04-07,0.8878957316576939,0.9151929779378905,0.9388072122617822,0.8858153816752987
2022-04-08,0.8826033409551653,0.9115779248901816,0.9363184094805326,0.8790983862338556
2022-04-10,0.8828329046539052,0.9062162237829374,0.9363184094805326,0.8790983862338556
2022-04-11,0.8807691620504079,0.8987153322945663,0.9205158920544312,0.8728220850049692
2022-04-12,0.8814702640617675,0.9063532627006518,0.9173700771199846,0.8757398347108861
2022-04-13,0.8880006610901723,0.9119157610285699,0.9276213002321443,0.8925587940204612
2022-04-14,0.8814332733600944,0.8969312797553821,0.9163561392947255,0.8836909461146815
2022-04-17,0.8807823099596743,0.8965712030823582,0.9163561392947255,0.8836909461146815
2022-04-18,0.8678478464207288,0.8901882796775005,0.916168406984905,0.8771458488552819
2022-04-19,0.8682266238763453,0.9057185532809559,0.9308798767873022,0.8950578546332129
2022-04-20,0.862940381687872,0.8752932809315916,0.930304150788873,0.8983281704696248
2022-04-21,0.8465664002049705,0.8654808451816074,0.916579421564463,0.8777320243461628
2022-04-22,0.8348556843178387,0.8340075055364854,0.8911534586851404,0.855342057475435
2022-04-24,0.827112041075103,0.8257383818675165,0.8911534586851404,0.855342057475435
2022-04-25,0.8164204370535673,0.8249788911650274,0.8962311949370337,0.8613097490103615
2022-04-26,0.8064040114127842,0.8011813277920066,0.8710055952988488,0.8332208866352203
2022-04-27,0.812215549202851,0.7991652842694167,0.8728330058458802,0.8303869070292852
2022-04-28,0.817875463836707,0.8040993930081098,0.8944329170219116,0.8453282216893647
2022-04-29,0.8098269223860479,0.7898465996451269,0.8619788594880194,0.8215983636369114
2022-05-01,0.8129188983526622,0.7811138139144935,0.8619788594880194,0.8215983636369114
2022-05-02,0.8185978360446691,0.7768428677799466,0.8668707988147297,0.829888859620466
2022-05-03,0.811274332462909,0.7750582834673667,0.8710639624250166,0.8369187689357012
2022-05-04,0.823809103933398,0.787499240590509,0.8970760412624005,0.859423388396706
2022-05-05,0.7879605822728676,0.7490029662891526,0.8650955417905567,0.8247056586621835
2022-05-06,0.7843087934011119,0.7338146254064236,0.8601867951762066,0.8107824439391337
2022-05-08,0.7953826469101368,0.7304446658798577,0.8601867951762066,0.8107824439391337
2022-05-09,0.7859184120541626,0.6967287588422053,0.832628904256522,0.7766332425581807
2022-05-10,0.7832491274727835,0.7051802810588413,0.8346754207169683,0.7765054622194159
2022-05-11,0.7523142130240902,0.6824432797746027,0.8209339860672679,0.7572668006127431
2022-05-12,0.7496428815155316,0.6902715296432287,0.8198700847596608,0.7666282841430141
2022-05-13,0.7616193870416911,0.7097366403865757,0.8394401339693618,0.7901157630686736
2022-05-15,0.7620539453938151,0.7124267704460617,0.8394401339693618,0.7901157630686736
2022-05-16,0.7614564619805259,0.7100204711429977,0.8361273666443588,0.7860432557160584
2022-05-17,0.7779644964256958,0.7274873969158714,0.8529917481310806,0.8111085931659093
2022-05-18,0.7627486623507022,0.705182304610564,0.8185349240157805,0.7822616033155958
2022-05-19,0.7698106540039198,0.7198713472862927,0.8137597698725804,0.7828654259437883
2022-05-20,0.7688993946557636,0.7192480204557901,0.8138786941654265,0.7815652408210136
2022-05-22,0.7719102325132797,0.7184341990581241,0.8138786941654265,0.7815652408210136
2022-05-23,0.7832238415865443,0.7253651663641748,0.8289802458345938,0.7901554153253766
2022-05-24,0.7793273832680999,0.7112103760382518,0.822248265029535,0.7778452995988935
2022-05-25,0.7868422881861454,0.7187800371887196,0.8300191399354396,0.792976213380576
2022-05-26,0.7972706635141104,0.7392543151250465,0.846522623118475,0.8102006264303327
2022-05-27,0.8061981898338725,0.7509298587607354,0.8674675084571215,0.8320881879101615
2022-05-29,0.8162270230452547,0.7585651985300638,0.8674675084571215,0.8320881879101615
2022-05-30,0.8221244933693462,0.754003881859899,0.8674675084571215,0.8320881879101615
2022-05-31,0.8166143100057125,0.7542547917611792,0.8620246975452193,0.8215719467331921
2022-06-01,0.8058894853717725,0.7389238966771711,0.8555743661360656,0.8175082091469847
2022-06-02,0.8224793509228444,0.7593861091308962,0.871343472711586,0.8363943046231626
2022-06-03,0.8166184799430714,0.7542834001525057,0.8570993473679278,0.8299505707988084
2022-06-05,0.8183348508818183,0.7513684972882934,0.8570993473679278,0.8299505707988084
2022-06-06,0.8125305264865751,0.7404526088451492,0.8597884115279658,0.8329652721554429
2022-06-07,0.809981342474239,0.7359923650086281,0.8679765146167379,0.8460422851235063
2022-06-08,0.8069417615035215,0.7296846292495958,0.8586076231744993,0.8334589077799341
2022-06-09,0.7845177136864538,0.7054301501378113,0.8381738831048051,0.8157628642250776
2022-06-10,0.7717943830523737,0.6831239787871708,0.8137743871197096,0.7934698490050673
2022-06-12,0.7499982427292744,0.6796457162295219,0.8137743871197096,0.7934698490050673
2022-06-13,0.6804271968938181,0.6295314953074436,0.7822256312155133,0.7557021236392873
2022-06-14,0.6844907735501893,0.6244527323106397,0.7792737621941965,0.7527226627550281
2022-06-15,0.6945548854296179,0.6468847402105422,0.7906453183554935,0.7629965248052036
2022-06-16,0.6776595402230606,0.6373375496893612,0.7649398961207762,0.7271636896806858
2022-06-17,0.7160262638896914,0.6522565205914652,0.7666234260993748,0.73414953495489
2022-06-19,0.7136032973187255,0.6475675887515497,0.7666234260993748,0.73414953495489
2022-06-20,0.7231088014394934,0.6419750334986427,0.7666234260993748,0.73414953495489
2022-06-21,0.6888797324821447,0.6296183916302166,0.7853882534375997,0.7466403724320725
2022-06-22,0.6840218809918771,0.6311286883892616,0.7843660138308698,0.744987567376555
2022-06-23,0.6773067852776575,0.6414033272252125,0.7918427612030758,0.7544151738694964
2022-06-24,0.6787186296661369,0.6405468107324804,0.8160440839875442,0.7782463953569951
2022-06-26,0.6841384929778497,0.6419914899024315,0.8160440839875442,0.7782463953569951
2022-06-27,0.6801072703947152,0.6420754341281181,0.8136179265511344,0.780890883445823
2022-06-28,0.6623228217579084,0.6222875900769759,0.7972291913046224,0.7663902629983003
2022-06-29,0.6718219412035167,0.615121810209566,0.7966617670876638,0.7578089120625932
2022-06-30,0.6754336183161775,0.6069189795391479,0.7896835849842674,0.7527931975020262
2022-07-01,0.6747245646793877,0.6049259871701179,0.7980177586819827,0.7615067943630739
2022-07-03,0.670189537372575,0.6073291605240131,0.7980177586819827,0.7615067943630739
2022-07-04,0.6675067015881943,0.6070718517799405,0.7980177586819827,0.7615067943630739
2022-07-05,0.6589004434341745,0.6125083306874742,0.7992819213683781,0.7674877212509841
2022-07-06,0.6540829361423804,0.6219782534788506,0.8021378869877979,0.7614142544966843
2022-07-07,0.6962317457293768,0.6535700640017326,0.8141415499578799,0.7799476762378713
2022-07-08,0.6929047290918822,0.651203271337019,0.8134655914077071,0.779841901018498
2022-07-10,0.6964593884559419,0.6492807953799012,0.8134655914077071,0.779841901018498
2022-07-11,0.6730704740274093,0.6239794370721227,0.804088398183998,0.7633799734259937
2022-07-12,0.6604001460158553,0.6284073108684778,0.7966555025531797,0.7616919278981011
2022-07-13,0.6572351124604422,0.6340808444646172,0.7931048866424846,0.7607487206901494
2022-07-14,0.6510152781415561,0.626349429149289,0.7907266554414357,0.7525816470632796
2022-07-15,0.6551199190505886,0.6344963831277514,0.8059095951277201,0.7688276124327096
2022-07-17,0.6682155549140121,0.6379956695081064,0.8059095951277201,0.7688276124327096
2022-07-18,0.6778233014857872,0.6333086160646979,0.7991693125411906,0.766205183265521
2022-07-19,0.6981390053292669,0.6441836398206437,0.8212489953825797,0.7930466943253263
2022-07-20,0.7082827976483809,0.6596666509457357,0.8260909202957675,0.8056653121412735
2022-07-21,0.7241871229944634,0.6598386782660293,0.8342373107524877,0.8095174454864864
2022-07-22,0.7189292136628449,0.6531609174904525,0.8264518185994538,0.7963787751423285
2022-07-24,0.7097119820712721,0.6530297644828259,0.8264518185994538,0.7963787751423285
2022-07-25,0.7092904188654435,0.6537344724566035,0.82753874079801,0.8011785274798209
2022-07-26,0.6927664850039827,0.6392456642075761,0.8179862934022738,0.795660353726107
2022-07-27,0.7011554238306039,0.6601321504014454,0.8393817668431941,0.8146521706194102
2022-07-28,0.7129271922064058,0.6652255228713185,0.8495662701165407,0.8255342670821061
2022-07-29,0.7143943124436448,0.6615860492732488,0.8616367038566104,0.8309113713418238
2022-07-31,0.7085454770609686,0.6574832189875898,0.8616367038566104,0.8309113713418238
2022-08-01,0.7217594828464354,0.6623603478310849,0.8592042309545419,0.8300651695868375
2022-08-02,0.724781835078183,0.6531611415960907,0.8534798725090835,0.8296860789481273
2022-08-03,0.7310749899206208,0.676988670020707,0.8668269980045166,0.8413571315740429
2022-08-04,0.7449998786692003,0.6960240996592597,0.8661531785636798,0.8402684430877669
2022-08-05,0.745088435440494,0.6923469412710856,0.8647450334465024,0.8470383261388967
2022-08-07,0.7413749354790078,0.6923089790899803,0.8647450334465024,0.8470383261388967
2022-08-08,0.7505042689202928,0.7069765606576468,0.8636748676044115,0.8555844366022288
2022-08-09,0.7480237697818471,0.6858375646152213,0.8600053783320448,0.8431024764959499
2022-08-10,0.7710174158016789,0.7089944040977253,0.878315441211673,0.8679430281540707
2022-08-11,0.7834175205808336,0.719017644434152,0.8776958125406813,0.8705919280272265
2022-08-12,0.7890282419052062,0.725121848954081,0.8928995830774041,0.8888212594632774
2022-08-14,0.7893732080198961,0.7254832730651144,0.8928995830774041,0.8888212594632774
2022-08-15,0.7859988019676049,0.7272672055027817,0.8964439853847901,0.8909059889649438
2022-08-16,0.8123590959436975,0.7259486525284439,0.8981254271852275,0.890544599265793
2022-08-17,0.8085921954853651,0.7133590554366173,0.8916249795002021,0.8759029631265218
2022-08-18,0.8170503960254505,0.7163189869206618,0.8936485769320487,0.8818177670517616
2022-08-19,0.792354055208608,0.6890913449992608,0.8821205092710017,0.8626981160174457
2022-08-21,0.781972024780879,0.6864547452819887,0.8821205092710017,0.8626981160174457
2022-08-22,0.7614767842251267,0.6686926905978521,0.8632430731055895,0.8443585975776937
2022-08-23,0.7574434345835191,0.6732280291448504,0.861311253650492,0.8458571515884791
2022-08-24,0.7602536124137691,0.6886859905610341,0.8638229754603414,0.8529752427880238
2022-08-25,0.7646759219418443,0.6980273473650137,0.8759956280679666,0.865911186262091
2022-08-26,0.7544281041405946,0.6830423884407477,0.8464850359115712,0.8373462815975222
2022-08-28,0.7415130444778533,0.6732212302734867,0.8464850359115712,0.8373462815975222
2022-08-29,0.746784630059845,0.674199146839223,0.8408420654832299,0.8299020411712018
2022-08-30,0.7548176594173077,0.6693522972640824,0.831569128374063,0.817847593726744
2022-08-31,0.7445242310461841,0.6564159239531897,0.8250687316202123,0.8127922269094741
2022-09-01,0.7459439315077977,0.6583986605866927,0.8275408289761713,0.8034042726732357
2022-09-02,0.7428796679182602,0.6606072460606173,0.8186559364867879,0.797643719792728
2022-09-04,0.7428766875193134,0.6582412877367118,0.8186559364867879,0.797643719792728
2022-09-05,0.7276430019093967,0.6584075428027406,0.8186559364867879,0.797643719792728
2022-09-06,0.7365857205203058,0.6514288274793447,0.8153034937767197,0.7899614582216937
2022-09-07,0.7596347725645255,0.6643183909013722,0.8302569885211318,0.8074503631221316
2022-09-08,0.7725896847112953,0.6754231130430295,0.8357455865590593,0.8140219310874984
2022-09-09,0.7813534490902498,0.6931500271589363,0.8485086333434178,0.8298623889144987
2022-09-11,0.7893761536332283,0.6950649381658132,0.8485086333434178,0.8298623889144987
2022-09-12,0.7821341660856919,0.7004216441192395,0.8574894801658727,0.8401053684743791
2022-09-13,0.7557339752499391,0.6678332036092716,0.820414539016845,0.8072608178027765
2022-09-14,0.7566510027702779,0.6773398177492964,0.8231932929754705,0.8102975780810503
2022-09-15,0.7428246420434361,0.6709340386848486,0.8138766059872652,0.8044664904535443
2022-09-16,0.7376480615286147,0.6543508089396205,0.8080312350707994,0.7925486469165071
2022-09-18,0.7387293101337967,0.6546498356025837,0.8080312350707994,0.7925486469165071
2022-09-19,0.7229539061105755,0.6531520794314479,0.8135719866315853,0.7990056160938449
2022-09-20,0.7085454541799134,0.6444375188980291,0.8044013193211486,0.7878370764633243
2022-09-21,0.691375442436046,0.6356364633742104,0.7906327892865256,0.7766685368328037
2022-09-22,0.6813150683210653,0.630619311218987,0.7839696674296157,0.7591047392032877
2022-09-23,0.679804485792657,0.6226833631062294,0.7704598168311234,0.7402759431211243
2022-09-25,0.6706828804550548,0.621955627362473,0.7704598168311234,0.7402759431211243
2022-09-26,0.6649109380896376,0.607131123615929,0.762492856902753,0.7298258249068252
2022-09-27,0.6752957615165086,0.6135008300535039,0.760876097694142,0.7327479863970701
2022-09-28,0.6705693025717401,0.6164471053117485,0.7758441587545086,0.75598862060936
2022-09-29,0.6566171002730384,0.6019218702308161,0.7594533353298354,0.7382220961097531
2022-09-30,0.6522352014290874,0.6033687500709415,0.7480108829734027,0.733722022293069
2022-10-02,0.6488440857828374,0.6025495122649314,0.7480108829734027,0.733722022293069
2022-10-03,0.6787694938947112,0.6301760737446407,0.7673723180916701,0.7531810579071442
2022-10-04,0.695013615096523,0.6450708075811455,0.7908414033779593,0.7826671108580253
2022-10-05,0.6851386360640773,0.6356254439256895,0.7892455259509614,0.7769020923909418
2022-10-06,0.6692933796930325,0.631199054737732,0.781159641729745,0.7724153077294892
2022-10-07,0.6616490392134582,0.6185219770890803,0.7592843456922922,0.7502192441601964
2022-10-09,0.6546285300991519,0.6105014070880012,0.7592843456922922,0.7502192441601964
2022-10-10,0.6563784302441181,0.5984071045914579,0.7535954353444017,0.7457104005771045
2022-10-11,0.6531185699696765,0.5938662325940366,0.7486826142360782,0.7461511485919091
2022-10-12,0.6525736260591788,0.5972900068762823,0.7462188695927645,0.7438768737708876
2022-10-13,0.6664752427513609,0.6011920255321223,0.765594921958161,0.7617932913331465
2022-10-14,0.6576668988956378,0.5867383136050698,0.7474789068540119,0.7415144708678044
2022-10-16,0.6562807278289422,0.5821664821715572,0.7474789068540119,0.7415144708678044
2022-10-17,0.668187602284996,0.6034586555127264,0.7672721874022758,0.7650283666971833
2022-10-18,0.6663036650561641,0.609807750617601,0.7760402437769744,0.7739358668596661
2022-10-19,0.6665376835340915,0.6003919212556519,0.7708624277668615,0.7606252983334646
2022-10-20,0.6591389880698411,0.6026594137555087,0.7647333702075038,0.751206515409179
2022-10-21,0.6640487739919996,0.6142069096902244,0.7828765316277502,0.7678888170090857
2022-10-23,0.65952521924329,0.6105605402694742,0.7828765316277502,0.7678888170090857
2022-10-24,0.6626545555998611,0.6010818857566164,0.792178652300001,0.7706038398449118
2022-10-25,0.6762265966683114,0.6126401016242233,0.8050647488023535,0.7916539693361621
2022-10-26,0.6743833279941718,0.5974287875133963,0.7991171590183321,0.7952548461836775
2022-10-27,0.6740660312243518,0.6026203512658922,0.7942564405016924,0.7961319304289589
2022-10-28,0.6760089519090333,0.6074018247248548,0.8138160997517615,0.8140263428718263
2022-10-30,0.6826536337715665,0.6074950998923586,0.8138160997517615,0.8140263428718263
2022-10-31,0.6864614359201766,0.6259934877958847,0.8077495856748941,0.813999872165859
2022-11-01,0.6882917411386683,0.6286482353035422,0.804436818349891,0.8159964735854636
2022-11-02,0.6836918738854166,0.6185279284414864,0.784324301198818,0.7885599096638737
2022-11-03,0.6814427877785966,0.6171440487950747,0.7760214501735225,0.7844124557799325
2022-11-04,0.6818656153454766,0.6177484434906418,0.7865898726415046,0.793289127254368
2022-11-06,0.7010906525291866,0.6241784498807111,0.7865898726415046,0.793289127254368
2022-11-07,0.703342815990251,0.6079003129002376,0.7941521334559756,0.7976701904986951
2022-11-08,0.698552943533197,0.6037909557460036,0.7985977119679093,0.7972823300935772
2022-11-09,0.6946431399233901,0.5842260195246805,0.7820045389862863,0.7758928160225677
2022-11-10,0.7106530359714397,0.5927007772162179,0.8253545573724403,0.8232864629670519
2022-11-11,0.7167747577756465,0.5985442762838946,0.832981449847563,0.82981391308914
2022-11-13,0.728738366684486,0.6068320711938838,0.832981449847563,0.82981391308914
2022-11-14,0.7089818906749517,0.6092315661350274,0.8255381133259381,0.8203422425551677
2022-11-15,0.7170522159378296,0.6227729024781362,0.8327311231240775,0.8326611280480587
2022-11-16,0.7103990640747163,0.6054478147510307,0.8258593871757339,0.8167810179643553
2022-11-17,0.7003353494170791,0.5986631214706769,0.8233080409119939,0.8105884868354508
2022-11-18,0.6972338412452763,0.5944780943336017,0.8272258196608595,0.8152648168162584
2022-11-20,0.697643779834505,0.5940130757519103,0.8272258196608595,0.8152648168162584
2022-11-21,0.6937687175158773,0.5940957004658998,0.824013132094076,0.8105973104041065
2022-11-22,0.6980457991415564,0.5855833912527573,0.8352032204800365,0.819985210838097
2022-11-23,0.7157304802796915,0.5917736132613356,0.8401431879044572,0.821342749157134
2022-11-24,0.7145504828729057,0.6012307946557632,0.8401431879044572,0.821342749157134
2022-11-25,0.7132504387561274,0.5893005321892598,0.8399053902499396,0.8238417559676378
2022-11-27,0.7146571741414538,0.5882529681787062,0.8399053902499396,0.8238417559676378
2022-11-28,0.7078865154915959,0.5791727727614393,0.8269337293741476,0.8069919679700154
2022-11-29,0.7064215005709428,0.589479518194736,0.8256173622337191,0.8094557881103919
2022-11-30,0.7253758951003936,0.6074541265659746,0.8511684630091971,0.8315063704013604
2022-12-01,0.7278806495598821,0.6065822777555053,0.850429960976534,0.8293467481706159
2022-12-02,0.7328371714161477,0.6186160892001318,0.8494139859042881,0.8342654572782174
2022-12-04,0.7246754093025342,0.6226436301078304,0.8494139859042881,0.8342654572782174
2022-12-05,0.7098167927871333,0.6085535443335855,0.8342143917238879,0.8110732988912863
2022-12-06,0.7024136504096518,0.6044473416311881,0.8222023760411605,0.7988910173058158
2022-12-07,0.6887057213021567,0.6057584904007483,0.8206711302748144,0.7963875987109842
2022-12-08,0.7021669419970822,0.6061034963276586,0.82684403957556,0.801407725055879
2022-12-09,0.7004838462416481,0.6005120789761249,0.8207670846078859,0.7918743433435643
2022-12-11,0.7033351930487222,0.5977140985575876,0.8207670846078859,0.7918743433435643
2022-12-12,0.7103403363762312,0.5966411908078364,0.832487060935076,0.8015487407476274
2022-12-13,0.709174195115273,0.5932741624851883,0.83855561225893,0.8076090259511914
2022-12-14,0.7078969008558151,0.5867142075352376,0.8334800660475473,0.8023597020302385
2022-12-15,0.7068586080909822,0.5793903609635864,0.8127083467027667,0.7821558280962225
2022-12-16,0.7074048096149067,0.5777360700056222,0.8036566036851761,0.7772238836356374
2022-12-18,0.706563806504183,0.5732939663967193,0.8036566036851761,0.7772238836356374
2022-12-19,0.7053282754545595,0.5757848304916797,0.7964176539674875,0.7662756642102713
2022-12-20,0.7091324265313802,0.5856120106616146,0.7972438085517517,0.7704363534471961
2022-12-21,0.7117488540968904,0.5861641564899304,0.8090972245565677,0.7831827516019081
2022-12-22,0.717281150799789,0.5843431454477518,0.797404394545475,0.7731116702240713
2022-12-23,0.7184509176551497,0.5903371623068858,0.8020836452867781,0.7761264253829536
2022-12-25,0.7186393471273911,0.5904413909892059,0.8020836452867781,0.7761264253829536
2022-12-26,0.7138074489941886,0.5855975666020662,0.8020836452867781,0.7761264253829536
2022-12-27,0.7101009551823186,0.5698984434865257,0.7988355096224268,0.7710974754694031
2022-12-28,0.7157219095920297,0.5787925723669968,0.7892329968819934,0.758976905062275
2022-12-29,0.7265351102216789,0.5870478407652696,0.8030140559855844,0.7784711811487254
2022-12-30,0.7262690081766975,0.586751035662661,0.800973804059622,0.776267441074702
2023-01-01,0.730462020990072,0.5871720802978453,0.800973804059622,0.776267441074702
2023-01-02,0.7308088928928503,0.575066424997903,0.800973804059622,0.776267441074702
2023-01-03,0.7381265646519001,0.5736654744684373,0.7977694692054839,0.7716307633505974
2023-01-04,0.7400489934566157,0.5883599496876499,0.8037838297594928,0.781243503378566
2023-01-05,0.7381424282614222,0.5885613097646066,0.7944233419610743,0.7727149862502976
2023-01-06,0.7419413268037107,0.5993566208395126,0.812568591559482,0.7901730624626881
2023-01-08,0.7567484607081822,0.6025326010406449,0.812568591559482,0.7901730624626881
2023-01-09,0.7599138275965571,0.6004708365069741,0.8119448374633423,0.7915437823324609
2023-01-10,0.7616589274775989,0.6085143229156906,0.8176107778514582,0.8033293799441575
2023-01-11,0.7683316105088989,0.6148719236915005,0.8281166059057753,0.8127613982214268
2023-01-12,0.7812379571053998,0.617096583204508,0.8309453742779233,0.8268697464795037
2023-01-13,0.7804612124255002,0.6140436964814422,0.8342665452467463,0.8317047392893713
2023-01-15,0.7792236598388756,0.6147946775015039,0.8342665452467463,0.8317047392893713
2023-01-16,0.7670196507454821,0.6066113463505167,0.8342665452467463,0.8317047392893713
2023-01-17,0.7869078755486896,0.6160434553016093,0.8325725743773409,0.8304970940329863
2023-01-18,0.7837724772060487,0.6061734630583951,0.8196155816798527,0.8173054822768939
2023-01-19,0.7859760156866393,0.6030575546500762,0.813355070758681,0.8093676062260822
2023-01-20,0.7882102898530852,0.6038082387114485,0.8287424481800764,0.8230263829006987
2023-01-22,0.7840618842755184,0.6050772417960556,0.8287424481800764,0.8230263829006987
2023-01-23,0.7905019027832402,0.6145060442474115,0.8385890231095112,0.8333531325605609
2023-01-24,0.7868789737715595,0.6239843386991213,0.837992364398294,0.8310788577395395
2023-01-25,0.7937216293113057,0.6274086882121741,0.8378400801860414,0.83315476367255
2023-01-26,0.7954095707252961,0.6238773036915305,0.8470629010193366,0.8387699428792295
2023-01-27,0.795284749690959,0.6249861715942482,0.8491761882497706,0.8424721831617903
2023-01-29,0.7947006838678574,0.6198554454552798,0.8491761882497706,0.8424721831617903
2023-01-30,0.7974819686018939,0.628495683511293,0.8381634422139985,0.8311273335648982
2023-01-31,0.8002700246260045,0.6348780511930046,0.8504362255110179,0.8514986938966299
2023-02-01,0.8169636529856291,0.6368833944425476,0.8593252434255493,0.8642231407341984
2023-02-02,0.8193461885177672,0.6428057436360735,0.871956785916919,0.882033729274836
2023-02-03,0.8138182841302991,0.6305718091645202,0.862928012859103,0.87511841874763
2023-02-05,0.8067065318325173,0.6245647483280474,0.862928012859103,0.87511841874763
2023-02-06,0.8023871080183581,0.6217401005729124,0.8576292353091574,0.8628611906308336
2023-02-07,0.7954103030565489,0.6134183736590011,0.8686690767298518,0.8694239350275446
2023-02-08,0.7989895244897638,0.6127090019585169,0.859043594029644,0.856197082799077
2023-02-09,0.7849850570995428,0.5975104331654366,0.8514584141865731,0.8441822876113222
2023-02-10,0.7828199747529602,0.592690386945132,0.853327588296831,0.8457117241124028
2023-02-12,0.7782792144919889,0.5892598111684763,0.853327588296831,0.8457117241124028
2023-02-13,0.7856804463844868,0.6052110518746499,0.8630970024966462,0.8555536079141816
2023-02-14,0.7846298093349361,0.6041813192345105,0.8628549775546314,0.8550114964643315
2023-02-15,0.7997502193496066,0.6157707275129833,0.8652478260028094,0.8642936216789486
2023-02-16,0.7887310467992904,0.6013024756393918,0.8533171474060244,0.8560251846170335
2023-02-17,0.7926556445951286,0.604100211456403,0.8509556725614408,0.8578542996389223
2023-02-19,0.7900331281174242,0.6029013787448647,0.8509556725614408,0.8578542996389223
2023-02-20,0.7825989179711685,0.6035157351640699,0.8509556725614408,0.8578542996389223
2023-02-21,0.7646881053723177,0.5942204871845478,0.8339014705867374,0.832224791817582
2023-02-22,0.7687021059638954,0.5913105759610174,0.8325892798026315,0.8350764723630765
2023-02-23,0.7674001906324168,0.5925258504135487,0.8370265056019199,0.8409868645039885
2023-02-24,0.7622802562796402,0.5811879388863832,0.8282062957043629,0.833229710203876
2023-02-26,0.7641928513549802,0.5796988207177626,0.8282062957043629,0.833229710203876
2023-02-27,0.7734517719646749,0.5777214873449136,0.8307513774336188,0.8357772466419865
2023-02-28,0.771988393290377,0.5806432611290633,0.8282292147329627,0.8360945723001063
2023-03-01,0.7840204807009031,0.5724377175697148,0.82431561234042,0.8367292774185939
2023-03-02,0.7727423303294073,0.5689655485352032,0.8305657333019597,0.838593632912858
2023-03-03,0.7768666673115924,0.5744319168771598,0.8439774904580444,0.8498767713314076
2023-03-05,0.7828119184058623,0.5751463859055422,0.8439774904580444,0.8498767713314076
2023-03-06,0.8341297664337788,0.5815485630330062,0.844557443743971,0.837315452909475
2023-03-07,0.8367270695717416,0.5791489166238266,0.8316129801154508,0.8280420974612656
2023-03-08,0.8396540493190034,0.5835586306613824,0.8327895411814199,0.8283770702566969
2023-03-09,0.8526493785130403,0.57220607301901,0.8174167810071538,0.805065901297409
2023-03-10,0.8414309705147888,0.5540655843213155,0.805582107674615,0.7813139843233162
2023-03-12,0.8552965964156866,0.5560644313398521,0.805582107674615,0.7813139843233162
2023-03-13,0.8532746840129122,0.5522867604936345,0.8043658712235807,0.7687967837446623
2023-03-14,0.8418834603841776,0.5374977461786064,0.8176191305641035,0.7831607464825167
2023-03-15,0.8513113010881788,0.5404004705716129,0.8119114266127612,0.7695195631429638
2023-03-16,0.8600061985655502,0.551295305273044,0.8261702201347232,0.7806705094384208
2023-03-17,0.8533561912389432,0.5424264529112748,0.8170662726630995,0.7606825977274791
2023-03-19,0.8466097250768589,0.535871581047193,0.8170662726630995,0.7606825977274791
2023-03-20,0.8419845359816182,0.5285161023335643,0.8243531995473237,0.7691008740497985
2023-03-21,0.8545544428343669,0.5324868358815222,0.8350551126241066,0.783535371534651
2023-03-22,0.8810825646540505,0.5318797124328057,0.8213074134399221,0.7613304843967025
2023-03-23,0.8675033143251891,0.5271814518526905,0.8237586290142679,0.7582144196050227
2023-03-24,0.8734202995970681,0.535820847053184,0.82840446890499,0.7646625652137047
2023-03-26,0.8550339403167286,0.5346558332360462,0.82840446890499,0.7646625652137047
2023-03-27,0.8757068310966678,0.5372776955679188,0.8297688132119542,0.772926590491292
2023-03-28,0.8727873872089684,0.5450186224666576,0.8284628869623323,0.7724681953391759
2023-03-29,0.8636453315673154,0.5469785383362022,0.8402579358409806,0.7808291722674807
2023-03-30,0.8850649692003845,0.5513224826598957,0.8450602363002779,0.7794099765723492
2023-03-31,0.8886281539966708,0.552840552685191,0.8572599842928257,0.7944394731167383
2023-04-02,0.8709552821893243,0.5464613968749692,0.8572599842928257,0.7944394731167383
2023-04-03,0.887380410580964,0.5496387746241811,0.8604308573652081,0.7943645803876602
2023-04-04,0.8753401591364364,0.545913688281844,0.8554429637054263,0.7799697351595107
2023-04-05,0.8772392709689179,0.5387105502955013,0.8533108828715403,0.7722478213317735
2023-04-06,0.8788900400533339,0.5375624600916894,0.8563650216915872,0.7732747448374591
2023-04-09,0.8788888662720776,0.5375618108213165,0.8563650216915872,0.7732747448374591
2023-04-10,0.8703515552767142,0.5412276135534689,0.8572182207295993,0.7811993855352872
2023-04-11,0.8724491239606335,0.5531523591240196,0.8571827726320315,0.7874359807052227
2023-04-12,0.874667679546913,0.5520622539938363,0.8536384212558201,0.7817547323381209
2023-04-13,0.8879876850024718,0.5559497328406916,0.8649599630035947,0.7918831669122202
2023-04-14,0.8850065654806193,0.5514948572722823,0.8631700378011178,0.7850383373297644
2023-04-16,0.8816648193076073,0.5525419882715559,0.8631700378011178,0.7850383373297644
2023-04-17,0.8816058964159905,0.5485041715413854,0.866023813380027,0.7945981359457983
2023-04-18,0.8778385810845476,0.5396237720083713,0.8667644545220262,0.791385119503401
2023-04-19,0.8711193543031236,0.5291053778548408,0.8666914192175545,0.793099581935013
2023-04-20,0.8769711774641598,0.5348558556859383,0.8615323968108936,0.7888067005749954
2023-04-21,0.8775677763235017,0.5348257668350487,0.8623105232974472,0.7896044803068708
2023-04-23,0.8841596629057928,0.5358388021655405,0.8623105232974472,0.7896044803068708
2023-04-24,0.8910260950102548,0.5324640786875996,0.8630448489737877,0.7884408990915167
2023-04-25,0.8781157502676877,0.5189234191368745,0.8493993686571588,0.7695239749272916
2023-04-26,0.9119089617412468,0.5246123515143133,0.8461366666768529,0.7626747873627558
2023-04-27,0.8991985378255225,0.5309162455622226,0.8626923033827467,0.7718467255736718
2023-04-28,0.9056050208824471,0.543576235996917,0.8698122778764145,0.7796788264051102
2023-04-30,0.9055049550402515,0.5436753848941926,0.8698122778764145,0.7796788264051102
2023-05-01,0.9074698780143241,0.5422215544791918,0.8694764377106641,0.7797757780558278
2023-05-02,0.9001470602586547,0.5331617009662247,0.8594024550863436,0.7634240374670246
2023-05-03,0.9030430454732764,0.5356709692699906,0.8533880945323347,0.7665842201019832
2023-05-04,0.91446979081121,0.5534609441108934,0.8472277143005571,0.7575621211514714
2023-05-05,0.919669411640797,0.5647045785270818,0.8628800356925672,0.7756636184465096
2023-05-07,0.9169045522217153,0.5665623391167355,0.8628800356925672,0.7756636184465096
2023-05-08,0.9262909430425252,0.567042354719695,0.8632701684905121,0.773279156621787
2023-05-09,0.9535420205367329,0.5821875156095827,0.8593168907129041,0.7711680102164012
2023-05-10,0.9606798641818516,0.584849797123404,0.8631700378011178,0.7755005438331218
2023-05-11,0.9414368266923729,0.5848204394117609,0.8617055628047594,0.7689774516931137
2023-05-12,0.9401505250223585,0.5860254570781431,0.8603412184977952,0.7672761708122374
2023-05-14,0.9364917820400175,0.5908744085009342,0.8603412184977952,0.7672761708122374
2023-05-15,0.9468708425113661,0.5977906155491809,0.8628862492958765,0.7763996870000426
2023-05-16,0.947754618063661,0.5855344076812641,0.8573830340108198,0.7652179120165383
2023-05-17,0.9962729161426639,0.5978303963842784,0.8675780291061477,0.7821073522708638
2023-05-18,0.9837220760412563,0.5993789839617657,0.875772345798229,0.7866734952479703
2023-05-19,0.9799946608514932,0.5939036932416171,0.8745060949336724,0.7817635559067766
2023-05-21,1.0044129529574013,0.5974169822128266,0.8745060949336724,0.7817635559067766
2023-05-22,1.0359617514562682,0.6027887709258621,0.8746416737206344,0.791310172972075
2023-05-23,1.0163453361378356,0.5974226533995428,0.8648264214636193,0.7879296163297139
2023-05-24,0.9955067145409892,0.5849900838581247,0.8584971025254732,0.7788017421598288
2023-05-25,1.0065198112026468,0.5854768790779171,0.8660154606673818,0.7733364560158015
2023-05-26,1.0099865552774934,0.5941511250362328,0.8773161715647178,0.7814550538173125
2023-05-28,1.018534018852002,0.5939380134662197,0.8773161715647178,0.7814550538173125
2023-05-29,1.0152430179986074,0.5936127394857462,0.8773161715647178,0.7814550538173125
2023-05-30,0.9787258837073842,0.5873570712740885,0.8773307378806723,0.7789295763008415
2023-05-31,1.0000906631665345,0.5891223156615637,0.8719714540952229,0.7711547748634177
2023-06-01,1.030049863614047,0.6077831340097303,0.8805642562978944,0.7792160194686663
2023-06-02,1.035881354040555,0.6160906412158191,0.8933627511798207,0.8069699628506238
2023-06-04,1.0262582650888774,0.613933194929513,0.8933627511798207,0.8069699628506238
2023-06-05,1.0551587668388367,0.6188675354277929,0.8915728259773438,0.7963038286110025
2023-06-06,1.0394601650104276,0.6270732101961186,0.8936714959606485,0.8177638774290101
2023-06-07,1.0358057049003522,0.6211112150875978,0.8902648115495606,0.8323305670369553
2023-06-08,1.0616405710995573,0.625699783323781,0.895774342300276,0.8289500641968421
2023-06-09,1.0611205055963906,0.62964261835264,0.8968027445791404,0.8223079614844772
2023-06-11,1.075221005354515,0.6295356123860647,0.8968027445791404,0.8223079614844772
2023-06-12,1.0657284857923333,0.6335234094503951,0.9051619764147917,0.8256135715955121
2023-06-13,1.0685878735400127,0.6398724255330307,0.9114370027207434,0.8358036635457059
2023-06-14,1.0740237350156854,0.6529959278543798,0.9121838574660518,0.826005843784958
2023-06-15,1.093219272715624,0.652737989523611,0.9232925578348954,0.8326964223226818
2023-06-16,1.0890749298965008,0.6465153056138894,0.9199025788490981,0.8266096664131505
2023-06-18,1.0852364272126072,0.6487537347929405,0.9199025788490981,0.8266096664131505
2023-06-19,1.07767402874351,0.6483488814296384,0.9199025788490981,0.8266096664131505
2023-06-20,1.075069083870188,0.6410452192671813,0.9155467410669266,0.8227442977149539
2023-06-21,1.111673072343153,0.6505069310976657,0.9107444406076293,0.8211179633654038
2023-06-22,1.1261910226668579,0.6484752834420192,0.9141240296337947,0.8145816896746599
2023-06-23,1.1227855121520776,0.645779150642717,0.9071229285017984,0.8028798083606972
2023-06-25,1.095736335598223,0.6470807763972442,0.9071229285017984,0.8028798083606972
2023-06-26,1.0751696904219055,0.6286152809314904,0.9030528146095056,0.8035982297769186
2023-06-27,1.0743927453012578,0.6233042499346473,0.9133980566700994,0.8153529987005681
2023-06-28,1.088995479077481,0.6191431667598226,0.9130746437109676,0.8192227253808446
2023-06-29,1.0887320916538135,0.6196236510824936,0.917159323919215,0.8293070421116651
2023-06-30,1.090948981973554,0.6243862726425246,0.9284119557876659,0.83245398939364
2023-07-02,1.0984922627928648,0.6260004280564688,0.9284119557876659,0.83245398939364
2023-07-03,1.0926016880684002,0.6311205626625659,0.9294988270550474,0.8360020324337167
2023-07-04,1.0898471014903353,0.6292202995570801,0.9294988270550474,0.8360020324337167
2023-07-05,1.107216507813741,0.6264516111869575,0.9276692773986801,0.8254813794724195
2023-07-06,1.079477171249682,0.6136006203270813,0.9203198070319655,0.8119592067052235
2023-07-07,1.083104606026682,0.6221641088594574,0.9176829982571352,0.8218452083502811
2023-07-09,1.1628530083338422,0.6268663919494385,0.9176829982571352,0.8218452083502811
2023-07-10,1.1555052877521579,0.6243807182003477,0.9198900497801301,0.8353276750585261
2023-07-11,1.181275604524457,0.6335871577554469,0.9260921426439596,0.8433096151503687
2023-07-12,1.178780869029801,0.6360629405207939,0.9329556277420071,0.8521333990151175
2023-07-13,1.1899401540248216,0.6356280125149346,0.9408579050785512,0.8598509010585269
2023-07-14,1.184290870842734,0.6254223180155479,0.9398940835291637,0.8511240688444955
2023-07-16,1.1615698288022642,0.6241302420022145,0.9398940835291637,0.8511240688444955
2023-07-17,1.208489719148376,0.6355742287660775,0.9435177347443306,0.8600183874562426
2023-07-18,1.2027313106441115,0.6386209987262033,0.9502330101240989,0.8709489059420494
2023-07-19,1.231151132065018,0.6487875418995286,0.9524735743600243,0.8748363335618853
2023-07-20,1.1942435558139337,0.6532389335555658,0.9460378092668253,0.8670218798677584
2023-07-21,1.1948370163503352,0.6595343884333812,0.9463444149383172,0.8639807078051567
2023-07-23,1.2354173714834227,0.6590605090377717,0.9463444149383172,0.8639807078051567
2023-07-24,1.2064073961310557,0.6665880114721853,0.9501621139289632,0.8663695814142072
2023-07-25,1.19558967360146,0.6744389424901963,0.9528365099106972,0.8665590729313143
2023-07-26,1.213615524692333,0.6801878005864839,0.9526884020547673,0.8728397321422807
2023-07-27,1.18516234981174,0.6727622592140519,0.9465676972080549,0.8616183049020735
2023-07-28,1.1946643524234233,0.6849820012469559,0.9559177441156668,0.8733598384727392
2023-07-30,1.2206861702575018,0.6886080365162597,0.9559177441156668,0.8733598384727392
2023-07-31,1.2030531781486495,0.6981810621462298,0.9573217128765215,0.8828976319693818
2023-08-01,1.1723088588891444,0.6896891792265593,0.9547703666127815,0.878926488051812
2023-08-02,1.1602637060483243,0.6847155898065792,0.9415567826573239,0.8668763985894342
2023-08-03,1.1498342526146688,0.6756732883773194,0.9391577206058365,0.8644831669983037
2023-08-04,1.1489770283432912,0.6768823440073759,0.9341801150433373,0.8627465918428044
2023-08-06,1.1447313989006513,0.6804536151233082,0.9341801150433373,0.8627465918428044
2023-08-07,1.1498099237857082,0.6789166999257475,0.9426102430741242,0.8633988902963557
2023-08-08,1.1448006941173465,0.6741868584213211,0.9386340462679164,0.8583215183596943
2023-08-09,1.1594823951187403,0.6698986203991225,0.9320272542901875,0.8509830531527471
2023-08-10,1.163247490664705,0.6705025205294981,0.932260926519557,0.8473909460716397
2023-08-11,1.1605669803265253,0.665448035325485,0.9312636941195884,0.8484884043243234
2023-08-13,1.1450397197913256,0.6736478761780461,0.9312636941195884,0.8484884043243234
2023-08-14,1.1427452310625619,0.664960288761261,0.9366189034110645,0.8464521506480158
2023-08-15,1.12504629615676,0.6630497658856613,0.9258001032884222,0.8355480490659284
2023-08-16,1.1976891015126474,0.6547408103048717,0.9188053176220846,0.8248687332755712
2023-08-17,1.1858206624791494,0.6475153567926214,0.9117186521166487,0.8154102980945827
2023-08-18,1.1894471643842437,0.6526079093210356,0.9115830733296867,0.8195356930568845
2023-08-20,1.2165725498296909,0.6545235401102534,0.9115830733296867,0.8195356930568845
2023-08-21,1.1949966599583062,0.6474726329064733,0.917854025141665,0.8180327272617712
2023-08-22,1.1943791581389454,0.6558016540092153,0.9153047161249117,0.8157540406564219
2023-08-23,1.192686714847103,0.6643493730058221,0.9254141468468,0.8242120230376921
2023-08-24,1.200081413807769,0.6544936112921846,0.9129599467056189,0.8137442576860815
2023-08-25,1.1990023152584866,0.6504237294170802,0.9190931806212992,0.8169837448344461
2023-08-27,1.174896870124422,0.6502971155627602,0.9190931806212992,0.8169837448344461
2023-08-28,1.1711509163049936,0.6516439399467114,0.9248509499173387,0.8237624514542318
2023-08-29,1.1759060335226441,0.6582919920696281,0.9382689716079073,0.8354555091995388
2023-08-30,1.167566731457554,0.6560609785450304,0.9418655274381518,0.8388360120396519
2023-08-31,1.145858183376821,0.6471653271585707,0.9403614279879028,0.8372802124370998
2023-09-01,1.1468743275631268,0.6516777612913225,0.9420532597479722,0.84660198990842
2023-09-03,1.1478704753355202,0.6512652730940394,0.9420532597479722,0.84660198990842
2023-09-04,1.1465835863488967,0.6298060866345604,0.9420532597479722,0.84660198990842
2023-09-05,1.1418897154075753,0.6280852146096402,0.9381021210797001,0.828804582918518
2023-09-06,1.1533580095041003,0.6236207441758885,0.9315620489407843,0.8260852021006119
2023-09-07,1.165586616086133,0.6239494399744916,0.9285705554655771,0.81792254025807
2023-09-08,1.164339574856514,0.6191043592090452,0.9298952753186509,0.8160625965481338
2023-09-10,1.176556948970303,0.6237291618375211,0.9298952753186509,0.8160625965481338
2023-09-11,1.1606926898515495,0.6362800917290514,0.9361473825960027,0.817649278640981
2023-09-12,1.1473396929687687,0.6339959851765201,0.9308151941954759,0.817728583154387
2023-09-13,1.1559894695897164,0.6381951451269567,0.9319709244110065,0.8113465605083753
2023-09-14,1.15604499386292,0.6400431327961386,0.9398273636903507,0.8227134690269067
2023-09-15,1.15121520780904,0.634363317488565,0.9283994267186979,0.814074818697185
2023-09-17,1.135182341691229,0.6322927625904157,0.9283994267186979,0.814074818697185
2023-09-18,1.1330450632505147,0.6327267361925728,0.9290690698032121,0.8084641050770814
2023-09-19,1.1189824295135369,0.6274184228936855,0.9270706323716509,0.8050394843936896
2023-09-20,1.1319642805063652,0.6327633433149853,0.9183609940542947,0.79779797083746
2023-09-21,1.1472968491525943,0.6198104465317349,0.9032990159078431,0.7853380158505726
2023-09-22,1.1490379725428694,0.6177320079662861,0.9012254040624742,0.7829888483004731
2023-09-24,1.132580175594227,0.6152267980817712,0.9012254040624742,0.7829888483004731
2023-09-25,1.1485229611644971,0.6126715651445885,0.9048510925246278,0.7864002336308813
2023-09-26,1.1183970653223252,0.6054837231176351,0.8915185333451494,0.776426103903762
2023-09-27,1.1102201527470277,0.6014571401531266,0.8917229710802604,0.7840466542964538
2023-09-28,1.1280603537216825,0.6087070852107571,0.8969780496823423,0.790838596269223
2023-09-29,1.1271278517731944,0.6086313127172198,0.8945476140272604,0.7867792704673435
2023-10-01,1.1135539587472252,0.6069765242556447,0.8945476140272604,0.7867792704673435
2023-10-02,1.09498190000009,0.5977125373876208,0.8946186120847454,0.7743149036961283
2023-10-03,1.0905792453933294,0.5875985518853319,0.8823229097591261,0.7612379445303128
2023-10-04,1.1151165665050908,0.5930543695219247,0.8894783323503617,0.7620577293815798
2023-10-05,1.1123142877338932,0.5913909604382106,0.8883184257785085,0.7631595994185914
2023-10-06,1.112165734099987,0.5907492818778947,0.8988138129420189,0.769352130547496
2023-10-08,1.1060721928910626,0.5916945378082261,0.8988138129420189,0.769352130547496
2023-10-09,1.1387555523635802,0.5942102667520263,0.9044798042613095,0.7739491022126497
2023-10-10,1.1181406861069085,0.6053131409690762,0.9091903267438579,0.7827464153714313
2023-10-11,1.1256872986143371,0.6047654514620298,0.9130934882455942,0.7815784761739973
2023-10-12,1.1076857477018331,0.5952337248582735,0.9073899097193998,0.7643672446749763
2023-10-13,1.1045556705663966,0.5819576046278097,0.9028358478054266,0.7579587513229973
2023-10-15,1.151093051149381,0.579885509335918,0.9028358478054266,0.7579587513229973
2023-10-16,1.1809107890422617,0.5837151231778871,0.9124008242701308,0.770013252569703
2023-10-17,1.165450738148857,0.5825273526861912,0.9123111854027179,0.7783830530666636
2023-10-18,1.145181806363326,0.5656200280726672,0.9000863792722342,0.761969601299518
2023-10-19,1.1065743203649299,0.56279954011958,0.8924510831532916,0.7504616232869902
2023-10-20,1.1037206344940473,0.5629886205922173,0.881219333066454,0.7408048730202387
2023-10-22,1.0987278162280367,0.5624894529200175,0.881219333066454,0.7408048730202387
2023-10-23,1.1226605937803633,0.568737394549358,0.8797339762884824,0.7342333050548718
2023-10-24,1.1255095649627596,0.5730334050377462,0.8861259405714682,0.7402362908644213
2023-10-25,1.1111376173300025,0.5564146512231185,0.8734192236662908,0.7278645177618437
2023-10-26,1.1279150868651682,0.5598285121786883,0.8630844734276782,0.7303194605313166
2023-10-27,1.1272216488355915,0.5516210926385634,0.8589414260932632,0.7214780295292561
2023-10-29,1.132209991040931,0.5509204701151639,0.8589414260932632,0.7214780295292561
2023-10-30,1.1410202933184188,0.5519192101850863,0.8692573317972491,0.7260398145242827
2023-10-31,1.149260949288005,0.5624889500021159,0.8748857359096359,0.7326466229620247
2023-11-01,1.1351145969679175,0.5658552581566563,0.8840772850016858,0.7359169387984366
2023-11-02,1.1332909696361735,0.5774252000632178,0.9007497068910898,0.7555346372415717
2023-11-03,1.14174961190439,0.5937257183824841,0.9092111066631219,0.7760250081456603
2023-11-05,1.170172786679938,0.5964990777004501,0.9092111066631219,0.7760250081456603
2023-11-06,1.1617968579098128,0.586780884135993,0.910804946843133,0.7659935790245265
2023-11-07,1.151559821492316,0.599503512553367,0.9133917412044408,0.7638824326191408
2023-11-08,1.143749974455962,0.5842881104115962,0.9143096228342791,0.7554729260632292
2023-11-09,1.1340758149690715,0.5775116834677851,0.9069184907666873,0.7436476761948295
2023-11-10,1.135786575105094,0.5847052227069118,0.9210813299555778,0.7516163809336885
2023-11-12,1.1595968402769719,0.5847817654623964,0.9210813299555778,0.7516163809336885
2023-11-13,1.1791332339306164,0.5872324100230789,0.9203114543193202,0.7516957392493424
2023-11-14,1.2227858120407051,0.609175185615073,0.9378664116033439,0.7926059463105216
2023-11-15,1.191897989405978,0.6092502015380646,0.9393641955879342,0.7938841263139047
2023-11-16,1.2005453436449889,0.6114787736495377,0.9404824404589103,0.7817812030440882
2023-11-17,1.2019828048989223,0.6114462653030841,0.9416881850879633,0.7923635671837278
2023-11-19,1.1909998593385132,0.6118797067031521,0.9416881850879633,0.7923635671837278
2023-11-20,1.2221272051160081,0.6235716670312947,0.948647522656733,0.7964669032243903
2023-11-21,1.2063272845417439,0.6130105036030921,0.9467303713799394,0.7859683091847324
2023-11-22,1.3118889487337613,0.6261359990075214,0.9505751657555079,0.7913807077190731
2023-11-23,1.2534870261563649,0.6260141501960655,0.9505751657555079,0.7913807077190731
2023-11-24,1.253705310025753,0.6224348922926807,0.951142539041292,0.7966520367594174
2023-11-26,1.2448913417556506,0.625384441874095,0.951142539041292,0.7966520367594174
2023-11-27,1.2807741408643285,0.6249935088338624,0.9492838567530154,0.7938532976258574
2023-11-28,1.3037355271642386,0.6242154721567669,0.9502142674518217,0.790177474247016
2023-11-29,1.2892080980572231,0.6267109478490153,0.9493151284942606,0.7950257024098673
2023-11-30,1.270829588558947,0.619264376195288,0.9529074061058329,0.7973219823502802
2023-12-01,1.2770453715503136,0.6317314114568161,0.9585045384769745,0.8209548887520159
2023-12-03,1.287695338582208,0.6365517166770692,0.9585045384769745,0.8209548887520159
2023-12-04,1.2734131789381398,0.6331178145265907,0.9533204579323776,0.8294965874310202
2023-12-05,1.279529973884416,0.6338802787183169,0.9527781427845295,0.8180459626147548
2023-12-06,1.2556484747058403,0.6359399272314707,0.9490563981269551,0.8162873823398641
2023-12-07,1.260631303394027,0.6389942697110843,0.9566186589414261,0.8234274786588004
2023-12-08,1.2630221174734677,0.6367373218908831,0.9605364886214662,0.8289676575319058
2023-12-10,1.2863451995369832,0.6367254258941941,0.9605364886214662,0.8289676575319058
2023-12-11,1.332953441273504,0.6420975743916779,0.9643061085832272,0.8302282442002252
2023-12-12,1.3154717716812234,0.6384345755814198,0.9687412971355289,0.8291660264199167
2023-12-13,1.3512687058880661,0.6574699219090377,0.9819652710506185,0.8583611706163973
2023-12-14,1.401599185085414,0.6582859655069331,0.9845645944808942,0.8817208154010441
2023-12-15,1.391492436726728,0.6421536578284274,0.9844895219294358,0.8749421087812586
2023-12-17,1.3721694520230734,0.6401512335006155,0.9844895219294358,0.8749421087812586
2023-12-18,1.3683909369269223,0.6446300358041963,0.9889476295103375,0.8737476988778573
2023-12-19,1.3831649096406218,0.6565754105659828,0.9947491996165901,0.8907296789985722
2023-12-20,1.3958482916182773,0.6478909085075315,0.9801420368599097,0.8739327786106366
2023-12-21,1.3935375081444452,0.6587340384937537,0.9902389385128301,0.8890152165669604
2023-12-22,1.3945780079622314,0.6594460970087077,0.9918827931063636,0.8964638149753608
2023-12-24,1.394617663541014,0.6594680322647691,0.9918827931063636,0.8964638149753608
2023-12-25,1.3945702733880603,0.6594418186733467,0.9918827931063636,0.8964638149753608
2023-12-26,1.3652578027482623,0.6624883308494522,0.9960801330729732,0.9075838787805226
2023-12-27,1.3699366006117004,0.6704749446614184,0.9975049836154412,0.9106779384528109
2023-12-28,1.338340065712668,0.6678475830105666,0.9978742346317727,0.9072093075306361
2023-12-29,1.3356105099648785,0.6653227972684164,0.9950537680410954,0.8934270546970869
2024-01-01,1.2524827092452486,0.6612348975450444,0.9950537680410954,0.8934270546970869
2024-01-02,1.3472644039462123,0.6579344222201142,0.989421187572386,0.8871376257197127
2024-01-03,1.337767432273345,0.6532893067712624,0.9814896757415834,0.8635134890843847
2024-01-04,1.3376279683909487,0.6450112122007802,0.978124754893722,0.8628656024151614
2024-01-05,1.3374100318944,0.6478001317230321,0.9799105037398762,0.8599610880622282
2024-01-07,1.3766095712890847,0.6479218660478354,0.9799105037398762,0.8599610880622282
2024-01-08,1.4034444323385924,0.6642563674964914,0.9937415772569895,0.8766522132307906
2024-01-09,1.3956300912482178,0.655247047601724,0.9922729259043085,0.8674097402728764
2024-01-10,1.4099558597367439,0.6615732702686867,0.9978951164133859,0.8683881879532033
2024-01-11,1.4269518364922855,0.661982042794674,0.9972254733288718,0.8618650958131951
2024-01-12,1.4271391712185153,0.6631430351463141,0.9979743653211669,0.8598817297465742
2024-01-14,1.40491071845314,0.6619684827858259,0.9979743653211669,0.8598817297465742
2024-01-15,1.3922560659913719,0.6582570824538242,0.9979743653211669,0.8598817297465742
2024-01-16,1.3636901988769472,0.6435337159501402,0.9942505834166058,0.8494536704539145
2024-01-17,1.3996652693655096,0.6465251643457066,0.9886659801144322,0.8432258988526348
2024-01-18,1.4103779499548372,0.6440469162861487,0.9973714420754657,0.8478449294394279
2024-01-19,1.404650967371434,0.6390967843024157,1.0096525780851304,0.8569860389622966
2024-01-21,1.4217846106176892,0.6350814263317357,1.0096525780851304,0.8569860389622966
2024-01-22,1.405706405575073,0.6336734139102448,1.01186808418312,0.8741707997553504
2024-01-23,1.3819053937089527,0.6420114136819962,1.0148241295607594,0.871037087826359
2024-01-24,1.4070830236280174,0.6386777321842311,1.0156480941045127,0.8646858938683946
2024-01-25,1.3878052099115226,0.6370988163092401,1.020990774327021,0.8708651896443155
2024-01-26,1.3881779485245174,0.6367331487299536,1.0203253075988294,0.8719450007596877
2024-01-28,1.3799963998632034,0.6392102372762603,1.0203253075988294,0.8719450007596877
2024-01-29,1.3937051528619038,0.6376483256373002,1.0280356762692304,0.8865293913071923
2024-01-30,1.4089870000711213,0.6388919391690031,1.0274181867075747,0.8798388127694685
2024-01-31,1.4129935409310266,0.6432544076289427,1.0108708517831513,0.8582862240850713
2024-02-01,1.4393064500160502,0.6520162329305862,1.0235003570275345,0.87022171475942
2024-02-02,1.4365023063769975,0.6461479103079374,1.034435891402512,0.8650693424891847
2024-02-04,1.4269960448872516,0.6468885883567216,1.034435891402512,0.8650693424891847
2024-02-05,1.4022625554345198,0.6440896590697389,1.0311398295027996,0.8538346798959938
2024-02-06,1.4200648529093622,0.6577686045327066,1.0335221861289965,0.8610585463149119
2024-02-07,1.421693437397621,0.6530678733892337,1.0420399157802096,0.8596172916981409
2024-02-08,1.43030709384351,0.6514528818126708,1.0426344863132655,0.8725488233878802
2024-02-09,1.432434461892742,0.6553295905274195,1.0486216496200025,0.8858990979730326
2024-02-11,1.4262925787015241,0.6542921439335742,1.0486216496200025,0.8858990979730326
2024-02-12,1.422408444562202,0.6561045196886013,1.0476265563293699,0.9014442890635526
2024-02-13,1.4006163869693502,0.6449533730850937,1.033301042968595,0.8657040476076723
2024-02-14,1.3728998886934203,0.6500303948671371,1.0431998223520627,0.8868290698280007
2024-02-15,1.4607069255309668,0.6565987464878547,1.0492725500322395,0.9085932089511446
2024-02-16,1.4576358432144325,0.6543016287036219,1.04423240098725,0.9013914014538659
2024-02-18,1.4688331853741672,0.6544896606280132,1.04423240098725,0.9013914014538659
2024-02-19,1.456775553719622,0.6551368441084778,1.04423240098725,0.9013914014538659
2024-02-20,1.4468475228899496,0.6581653779807877,1.0379614491752716,0.883320732846875
2024-02-21,1.4470402950622823,0.6549890186265755,1.0392736399593774,0.8791776907472616
2024-02-22,1.4590104551294771,0.6617968171907599,1.0612260967264497,0.887595967069581
2024-02-23,1.460745635403401,0.659857155724423,1.0615953477427813,0.8888520881513247
2024-02-25,1.4621012406302767,0.6627999824110767,1.0615953477427813,0.8888520881513247
2024-02-26,1.4602332792320678,0.6600158129065339,1.0575753501263603,0.8942644866856653
2024-02-27,1.4645172962144908,0.6806944771248277,1.0593799435071412,0.9062264480659814
2024-02-28,1.4717744905993366,0.6629749281656481,1.057623327292896,0.8992626079111686
2024-02-29,1.5059645545641973,0.664782378290885,1.0631537398252247,0.9056666894788198
2024-03-01,1.5084142620914027,0.669054783491597,1.071667293120115,0.9151647231142634
2024-03-03,1.516033138289775,0.6705476964932854,1.071667293120115,0.9151647231142634
2024-03-04,1.5498979120051153,0.6620986514453311,1.0703885131865905,0.9142480404145269
2024-03-05,1.547990125778703,0.6616768500015553,1.0594779350871992,0.9051685882677527
2024-03-06,1.5708934749711438,0.6668664941333546,1.0649248204930748,0.9115066006749815
2024-03-07,1.5854665666472347,0.6716446473460711,1.0758979420749564,0.9188450120796807
2024-03-08,1.5888243579800219,0.675261173296796,1.0688739219143601,0.9179502806970877
2024-03-10,1.5260224199197967,0.6740946072001454,1.0688739219143601,0.9179502806970877
2024-03-11,1.5507268777355723,0.6709588523526956,1.0676743908886166,0.9105324571744867
2024-03-12,1.5820031142371478,0.6829981581664097,1.0796342530484855,0.9103562010103632
2024-03-13,1.5874340088933776,0.6843642676672027,1.077556464846794,0.9131020525342365
2024-03-14,1.5504464895602406,0.6775615044095391,1.0744627015728565,0.8952385763839121
2024-03-15,1.5489600207285843,0.6715397905542814,1.067497048538428,0.898826217878444
2024-03-17,1.5564961987024473,0.670735538901183,1.067497048538428,0.898826217878444
2024-03-18,1.621133196972326,0.6713636535839657,1.074241558412455,0.8924001311914013
2024-03-19,1.6099300271413186,0.6775901981277528,1.080310109736309,0.8972351240012689
2024-03-20,1.6457672545261672,0.6969153349814936,1.0899293788332076,0.9144991893077287
2024-03-21,1.6701742763328482,0.7007003525658126,1.0934569738529536,0.9249361797735399
2024-03-22,1.6650084320408023,0.6905148860439185,1.0919237417707954,0.9132298866752492
2024-03-24,1.6398862761907902,0.6893639684767883,1.0919237417707954,0.9132298866752492
2024-03-25,1.6213433385854084,0.691699057731974,1.0885879535548433,0.9141818636496087
2024-03-26,1.6197145081988071,0.6933795301593629,1.0855401302004548,0.9124188715903901
